0.5,1.640625,1.6204261837888978,1.9504088713084202,2.1927113681198116,1.9909402595945973,2.0301698600473146,2.4108379488558467,2.6068985727231784,2.6616502835810896,2.7589906627212626,2.75899066272126,2.6616502835810887,2.606898572723178,2.410837948855846,2.030169860047314,1.990940259594597,2.192711368119811,1.9504088713084202,1.6204261837888976,
1.0,2.05078125,2.430639275683347,2.7305724198317884,2.5581632628064472,2.654587012792796,2.610218391489404,2.8930055386270155,3.1655196954495737,3.295376541576587,3.4006163982378355,3.4006163982378332,3.295376541576586,3.537933777267169,3.6162569232837685,3.480291188652538,3.3182337659909944,3.2890670521797163,3.120654194093472,2.8357458216305713,
1.5,13.945312500000004,14.178729108152861,15.603270970467372,16.4453352608986,16.922992206554092,17.11143167754167,17.35803323176212,17.31725480451829,16.73037321108113,15.719830520155945,15.270692505294338,16.223392204684732,17.317254804518285,17.84020082153329,17.981504474704803,17.918462336351393,17.541690944958507,16.773516293252428,15.394048745994535,
2.0,14.355468750000005,14.988942200047314,15.993352744729057,17.17623905027187,17.586638959752293,17.401455943262714,17.84020082153329,17.875875927244685,17.364099469076624,16.36145625567251,15.97648081436256,16.857118462680223,17.87587592724468,18.32236841130446,18.561553006146895,18.582109089549594,18.27259473433178,17.553679841775796,16.204261837888986,
2.5,24.19921875000003,27.142138578464074,29.646214843888032,31.063411048364046,31.855044153513607,31.90266922931498,31.823060924897163,31.09657583176927,29.404898370990963,27.333256333005792,27.140768612350804,28.137445854999974,28.48967725904611,28.688971591384586,28.132353774941397,27.209516881126202,25.5816326280645,23.794988229962755,22.28086002709737,
2.5,4.511718749999999,4.861278551366692,5.461144839663576,5.847230314986163,5.97282077878379,6.0905095801419415,5.78601107725403,5.586211227263956,5.196555315563084,4.748030442822641,4.106404707306064,3.929102799572085,3.7241408181759676,3.857340718169353,4.060339720094627,3.981880519189193,4.019970841552987,3.90081774261684,4.456172005419468,
2.5,18.046875000000014,17.82468802167789,17.553679841775796,16.81078715558524,15.263875323558592,15.661310348936441,16.634781847105366,17.13104776360949,17.364099469076624,17.067244564740733,15.719830520155934,16.096646953085635,16.572426640883087,17.358033231762118,17.40145594326271,18.25028571295049,18.638046629018415,18.723925164560853,18.63490111357234,
3.0,21.32812500000002,21.87575348115014,22.234661132916017,21.561661786511507,20.573049349144195,19.141601537588986,17.35803323176212,14.896563272703903,12.294289405112677,12.640026989676427,10.20184919471347,7.477969844346879,9.124145004531131,11.572022154508073,13.921164754610166,16.25934545335589,18.27259473433178,19.894170487345907,21.06554038925569,
3.0,50.039062500000014,52.66385097313916,53.44120307385068,53.355976624248676,51.76444674945943,49.01410090685646,45.80592102826094,41.337963081753095,35.868906202544984,29.963921848623833,26.43498030328258,32.446784409369315,37.61382226357715,41.948580310091614,45.24378545248291,47.78256623027026,48.97055388800909,49.15030355697218,48.20767896771973,
3.5,4.511718749999999,4.861278551366692,5.461144839663576,5.847230314986163,5.97282077878379,6.0905095801419415,5.78601107725403,5.586211227263956,5.196555315563084,4.748030442822641,4.106404707306064,3.929102799572085,3.7241408181759676,3.857340718169353,4.060339720094627,3.981880519189193,4.019970841552987,3.90081774261684,4.456172005419468,
3.5,50.85937500000001,53.87917061098082,55.39161194515908,55.548687992368464,54.4190337622522,51.91434356406689,48.45784277200235,43.75865461356746,38.530556486126045,32.979562805551836,32.59458736424185,37.64333972493234,41.896584204479474,45.082669643604184,46.98393104680917,48.44621298346846,48.97055388800909,48.37014000844882,49.01789205961417,
3.5,11.074218749999996,11.74808983246951,11.702453227850521,11.69446062997233,11.281994804369388,10.730897831678666,9.884435590308978,8.751730922713536,7.351224592747782,5.774631619649159,3.464778971789491,3.929102799572085,5.027590104537556,6.027094872139613,6.960582377305075,8.295584414977485,9.136297367165877,10.142126130803781,10.937876740575057,
4.0,24.60937500000003,27.952351670358524,30.4263783924114,32.52521862711059,33.18233765991001,33.352790557920194,33.26956369421066,32.21381807722206,30.925841390180146,29.514783833762216,29.065645818900578,30.038624628986444,30.724161749951676,30.617641950469245,29.582475103546628,27.8731636343244,25.5816326280645,23.794988229962755,23.09107311899182,
4.0,18.457031250000014,19.040007659519567,19.114006938822538,19.00349852370505,18.913932466148694,18.851577271867942,19.52778738573239,20.296567459059066,20.65947601065318,20.467860962978534,19.377097212600358,19.772259249459484,20.29656745905906,20.492122565274727,20.011674334752122,19.909402595945995,19.00349852370505,17.94376161603748,17.82468802167789,
4.5,24.19921875000003,27.5472451244113,30.036296618149716,31.794314837737318,32.85051428331091,33.06276629219915,32.787396104439495,31.65519695449566,30.29211513218465,28.80899552469396,28.42402008338398,29.404898370990956,29.79312654540769,29.412222976041335,28.132353774941397,26.877693504527098,25.216180733377865,23.014824681439386,22.685966573044592,
4.5,9.843749999999996,10.127663648680608,9.752044356542099,9.501749261852513,8.959231168175684,8.410703705910302,7.473597641453125,6.33103939089915,4.943064812364885,3.5289415453411506,1.4115766181364573,2.0279240255855915,3.1655196954495723,4.339508307940522,5.510461048699851,6.636467531981989,7.674489788419337,8.581799033757047,9.31745055678616,
4.5,18.457031250000014,19.445114205466794,19.894170487345907,20.09985420776496,19.577579219346894,19.431625803310034,20.009954975503558,19.92415337724147,19.89900450105859,19.441259786152028,18.927959197738762,20.27924025585588,21.227602663603044,21.69754153970265,21.46179566335735,20.573049349144192,20.09985420776496,19.504088713084222,19.040007659519564,
5.0,19.277343750000018,20.660433843308468,21.454497584392644,21.561661786511507,21.568519478941496,21.461795663357353,22.179709129473824,22.344844909055826,22.560654784639652,22.136087875321607,20.66034868363349,20.78622126225227,21.227602663603044,20.974290155045896,20.301698600473166,19.909402595945995,19.734402313078323,19.504088713084222,19.44511420546679,
5.5,20.097656250000018,21.06554038925569,21.454497584392644,21.19620989182487,22.232166232139697,22.33186846052049,22.420792924359414,21.78622378632944,21.673438023445968,21.68694986046001,20.403698389426864,20.405985507454975,20.668981540876654,20.73320636016031,20.301698600473166,20.573049349144192,20.09985420776496,19.504088713084222,19.850220751414014,
6.0,18.457031250000014,19.445114205466794,19.504088713084222,19.36895041839169,20.241225972545095,20.30169860047317,20.733206360160317,20.296567459059066,20.405985507454982,20.72451125718516,21.17364927204674,21.293202268648663,21.413809704511838,21.21537394993148,20.301698600473166,20.241225972545095,19.368950418391687,18.723925164560853,18.63490111357234,
6.5,21.32812500000002,21.87575348115014,21.84457935865433,22.29256557588478,21.900342855540597,20.88174713191526,20.49212256527473,20.48277449996786,21.039711765450477,21.045324124943445,20.532023536530176,21.41994752024776,21.786223786329433,21.69754153970265,20.881747131915258,20.904872725743292,20.465306102451596,20.67433403586928,21.06554038925569,
7.0,20.507812500000018,21.47064693520292,21.454497584392644,21.561661786511507,21.236696102342396,20.30169860047317,20.251038770389144,20.48277449996786,21.29320226864867,21.494462139805037,21.301974419150056,21.67343802344596,21.786223786329433,21.456457744817065,20.301698600473166,20.241225972545095,19.734402313078323,19.894170487345907,20.25532729736124,
7.5,20.507812500000018,21.47064693520292,21.84457935865433,21.927113681198144,21.568519478941496,20.88174713191526,20.49212256527473,21.413809704511845,21.926928526644165,21.815275007563322,22.64938846373484,23.574616797432434,24.020708277234995,24.1083794885585,23.781989789125717,23.227636361936995,22.65801747057141,21.84457935865433,21.470646935202918,
8.0,21.32812500000002,22.28086002709737,22.6247429071777,22.658017470571416,22.232166232139697,21.461795663357353,21.215373949931486,22.15863786814703,22.560654784639652,22.521063316631544,23.355176772803066,24.208343055427925,24.951743481778976,24.83163087321526,24.362038320567805,23.891283115135195,23.023469365258048,22.6247429071777,22.28086002709737,
8.5,24.19921875000003,24.711499302780723,24.96523355274781,24.85072883869123,24.5549298683334,23.20194125768363,22.90296051413058,23.648294195417407,24.335088307027032,24.381777949629587,22.906038757941467,23.447871545833337,23.648294195417396,23.385128103901746,23.20194125768362,24.5549298683334,24.85072883869123,25.355315327009496,25.116605848727943,
9.0,24.60937500000003,25.521712394675173,25.355315327009496,25.581632628064504,24.8867532449325,23.781989789125717,23.62621189878734,24.206915318143796,24.96881456502252,25.08756625869781,23.611827067009692,24.081597803828824,24.206915318143793,23.86729569367292,23.781989789125717,24.8867532449325,25.5816326280645,25.74539710127118,25.52171239467517,
9.5,26.250000000000032,26.73703203251685,26.525560649794553,26.312536417437776,25.882223374729804,24.652062586288853,25.07271466810085,25.696571645414167,25.85603132621621,25.857517141317686,23.868477361216318,24.081597803828824,24.579329399961384,24.590547078329674,24.65206258628885,25.882223374729797,26.31253641743777,26.525560649794553,25.926818940622393,
10.0,26.660156250000036,27.142138578464074,26.915642424056237,26.67798831212441,26.2140467513289,25.23211111773095,25.55488225787202,26.441399809049354,26.489757584211702,26.56330545038591,24.70259081738785,24.71532406182432,25.137950522687774,25.31379846298643,25.23211111773094,26.214046751328897,26.67798831212441,26.915642424056237,26.737032032516844,
10.5,27.480468750000036,27.952351670358524,27.30572419831792,27.043440206811045,26.8776935045271,26.10218391489408,26.037049847643182,26.441399809049354,26.363012332612605,26.306655156179286,25.921679714869324,25.602540823018003,25.88277868632296,26.27813364252876,26.10218391489408,27.209516881126202,27.774343996184317,27.30572419831792,27.14213857846407,
10.5,22.558593750000025,21.06554038925569,19.114006938822538,16.4453352608986,13.60475844056309,10.150849300236576,6.991430051681955,3.5379337772671704,5.196555315563084,8.854435150128689,15.078204784639368,17.490844720675714,19.55173929542387,21.456457744817065,22.911916991962578,23.891283115135195,24.48527694400459,24.575151778486127,23.90128621088627,
63.5,3.6914062499999996,3.6459589135250203,3.510735968355156,3.6545189468663524,3.318233765990995,3.1902669229314933,3.61625692328377,4.096554899993565,4.436083805968485,4.619705295719326,2.3740152214113164,2.6616502835810887,2.7931056136319765,2.893005538627015,3.190266922931493,3.3182337659909944,3.6545189468663515,3.510735968355156,3.6459589135250194,
63.0,4.511718749999999,4.456172005419469,4.290899516878524,4.019970841552987,3.9818805191891937,3.480291188652538,4.098424513054939,4.655176022719961,5.069810063963985,5.325493604787557,4.940518163477609,5.069810063963983,5.027590104537556,4.821675897711692,4.6403882515367165,3.981880519189193,4.019970841552987,4.290899516878524,4.456172005419468,
62.5,3.6914062499999996,3.6459589135250203,3.510735968355156,3.6545189468663524,3.318233765990995,3.1902669229314933,3.61625692328377,4.096554899993565,4.436083805968485,4.619705295719326,2.3740152214113164,2.6616502835810887,2.7931056136319765,2.893005538627015,3.190266922931493,3.3182337659909944,3.6545189468663515,3.510735968355156,3.6459589135250194,
55.5,34.86328125000006,36.054482589303035,37.44785032912173,41.29606409958983,44.13250908768022,46.11385824964605,46.77025620780327,46.365553186290605,44.741073814481865,42.026485676335845,35.99520376247981,32.827020164166605,29.606919504498897,27.96572020672784,29.582475103546628,31.191397400315402,33.256122416483855,34.32719613502825,35.24426949740858,
55.0,35.68359375000006,36.459589135250255,37.837932103383416,42.02696788896309,44.796155840878406,46.69390678108813,47.25242379757444,46.924174309017,45.374800072477356,42.66811141185244,36.70099207154807,33.5874916737612,30.165540627225287,28.447887796499003,30.162523634988716,31.855044153513603,33.62157431117049,34.71727790928994,35.64937604335581,
54.5,17.22656250000001,18.229794567625117,18.723925164560853,18.63804662901842,17.918462336351393,17.11143167754167,15.670446667563025,13.965528068159907,11.787308398716277,9.431898312093598,6.865395370027328,6.717498334752281,6.517246431807948,6.509262461910784,7.540630908747163,9.954701297972985,12.4253644193456,14.433025647682317,16.204261837888986,
54.5,52.910156249999986,53.06895751908638,52.66103952532732,51.52871715081552,52.09627012605853,52.784416361230015,53.03843487482842,51.76555737264571,49.430648123648496,45.81207751588377,40.42242133754433,42.966640292094475,45.06210389992902,46.770256207803264,49.01410090685646,50.10532986646394,50.432361466755616,51.490794202542276,52.663850973139155,
54.0,34.86328125000006,41.72597423256419,46.809812911402105,51.16326525612888,54.4190337622522,55.97468328416148,56.17252420834099,55.11728410900405,52.72602466522506,49.02020619346675,44.01552545643726,42.83989504049538,40.965548999935486,38.091239591922296,35.09293615224644,33.845984413108205,31.428862943050678,28.08588774684129,27.5472451244113,
54.0,25.839843750000032,26.331925486569624,26.525560649794553,26.67798831212441,28.868633764121704,32.19269349503602,35.68040164306648,37.98623634539475,39.54451849891883,40.10160846978606,38.62586927809786,37.009613466936855,35.006923690853995,32.78739610443949,31.322620697872892,29.2004571407208,27.043440206811045,26.525560649794553,26.33192548656962,
53.5,34.45312500000005,40.51065459472252,46.02964936287874,50.066909572068994,53.09174025585582,54.81458622127731,54.967105233913074,54.000041863551274,51.585317400833176,47.92944244308853,43.181412000265695,42.33291403409898,40.4069278772091,37.85015579703672,35.38296041796748,34.1778077897073,31.794314837737314,28.866051295364663,27.14213857846407,
53.5,32.81250000000005,34.434056405514134,34.71727790928994,35.08338188991704,37.496041555698284,39.73332440378312,41.94858031009162,42.82761940902347,42.83989504049539,42.47562369119746,39.07500729295948,36.50263246054046,33.70347440449242,31.34089333512599,31.902669229314977,33.182337659910004,33.98702620585713,33.54703258650488,32.408523675778,
53.0,41.01562500000007,47.80257242177252,53.44120307385068,57.74139936048826,60.39185454103593,61.775168598582326,61.4763676958238,59.77246013172397,56.65512746479723,52.03584715039476,44.40050089774722,41.952678279301686,39.10347859084752,36.40365302772322,33.35279055792019,30.859574023716302,28.13979589087095,24.96523355274781,33.62384331361968,
53.0,32.81250000000005,33.62384331361968,33.93711436076657,33.987026205857134,36.168748049301904,37.993178809456865,40.01990995100696,41.1517560408443,41.31895202130621,40.93572192595764,38.81835699875283,37.389849221734146,35.56554481358039,32.78739610443949,33.35279055792019,34.1778077897073,34.35247810054377,33.93711436076657,32.408523675778,
11.0,25.429687500000032,25.9268189406224,25.74539710127118,25.581632628064504,25.882223374729804,25.23211111773095,25.55488225787202,26.441399809049354,26.869993339008996,26.75579317104088,25.47254170000773,24.71532406182432,24.579329399961384,24.83163087321526,24.362038320567805,25.2185766215316,25.5816326280645,25.355315327009496,25.116605848727943,
52.5,26.660156250000036,28.762564762252975,30.036296618149716,30.697959153677406,30.52775064711721,29.58247510354663,27.965720206727845,25.510364604505373,22.560654784639652,19.056284344842087,12.64002698967642,10.266365379527075,8.193109799987138,7.955765231224294,9.280776503073437,13.604758440563089,17.907142839645143,21.454497584392644,24.306392756833493,
52.5,75.46874999999977,76.9702437299724,78.7965184008599,80.39941683105944,79.96943376038261,77.43647894751861,73.53055744010291,67.59315584989344,60.71097551596857,53.447423768531266,40.61490905819931,40.9387162665089,44.31727573629384,48.69892656688792,54.234537689835214,60.391854541035926,65.41588914890751,69.82463759284124,73.3242848164474,
52.0,22.558593750000025,23.901286210886273,25.74539710127118,27.77434399618432,29.532280517319904,30.16252363498872,30.135474360698083,29.420712463590103,27.883955351801784,25.729191994214375,20.46786096297852,17.87108047547301,15.455184395430294,14.465027693135097,14.21118902033121,16.59116882995499,18.27259473433178,19.894170487345907,21.06554038925569,
52.0,76.28906249999976,78.59066991376127,81.13700904642998,83.68848388323912,83.95131427957178,82.07686719905527,78.83440092758573,73.55178115897493,66.92149284432467,59.86368112369722,46.77451611915863,40.05149950531521,39.28968563175632,44.600502053833026,50.75424650118271,57.405444151644055,63.22317778078772,68.6543922700562,72.91917827050018,
51.5,43.06640625000007,47.3974658758253,51.490794202542276,54.817784202995206,56.40997402184678,56.844756081324604,55.69035661856982,53.06900665900729,49.303902872049406,44.336338324195594,34.51946457079165,29.911879377387347,28.48967725904611,27.00138502718551,26.68223244633617,27.209516881126202,30.332507258990766,35.10735968355162,39.700441502828056,
51.5,89.82421874999963,94.38982520570289,96.35019824263551,96.1138483025846,93.90601557754468,89.61749810780238,84.13824441506854,76.71730085442447,68.56918111511304,60.50530685921382,46.77451611915863,40.431735260112504,40.4069278772091,48.45784277200234,56.8447560813246,66.03285194322056,73.82128272670005,79.96676372364495,83.85705501107515,
51.0,41.01562500000007,43.751506962300304,47.98005823418714,50.79781336144225,52.42809350265762,52.784416361230015,52.79735107994283,51.206936249919316,49.9376291300449,48.12193016374352,41.70567280857752,37.26310397013505,35.751751854489186,34.233898873752985,33.35279055792019,33.51416103650911,34.717929995230406,37.44785032912173,39.700441502828056,
51.0,41.83593750000007,44.966826600141964,46.419731137140424,47.143294414575934,47.11891947707208,46.11385824964605,45.08266964360419,43.01382644993227,41.31895202130621,39.33165758716614,35.86687861537649,33.334001170563006,31.282782872678066,31.34089333512599,32.48271776075706,35.5051012961037,37.27609325803685,38.618095651906785,38.48512186498638,
50.5,43.06640625000007,46.99235932987808,51.88087597680396,55.9141398870551,58.40091428144136,59.74499873853503,59.788781131624724,58.65521788627119,57.28885372279275,55.30813840152938,47.736954722433524,45.75503582727463,43.75865461356744,40.50207754077812,36.54305748085165,35.8369246727028,36.17973757397695,38.2280138776451,40.51065459472251,
50.5,46.75781250000004,49.01789205961418,50.71063065401891,50.79781336144225,49.77350648986485,48.144028109693345,46.288088618032106,43.57244757265865,41.69918777610351,39.52414530782112,35.86687861537649,33.5874916737612,32.40002511813084,34.957150258409726,37.413130278014776,39.818805191891954,41.29606409958982,42.51891339452362,44.561720054194744,
50.0,42.65625000000007,44.561720054194744,46.419731137140424,49.33600578269572,51.76444674945943,53.3644648926721,54.24385384925633,53.62762778173368,52.34578891042777,50.88092082646487,44.592988618402195,42.966640292094475,41.33796308175309,38.57340718169346,34.80291188652539,34.84145454290551,36.17973757397695,39.00817742616847,41.32086768661696,
50.0,47.167968750000036,49.82810515150862,51.490794202542276,51.52871715081552,50.76897661966214,49.01410090685646,47.49350759246001,44.87589685902024,42.0794235309008,39.65247045492444,35.86687861537649,33.5874916737612,32.40002511813084,34.957150258409726,37.413130278014776,40.15062856849105,41.66151599427645,42.9089951687853,44.966826600141964,
49.5,43.06640625000007,46.18214623798364,48.7602217827105,52.25962094018878,55.746327268648585,57.71482887848774,58.824445952082385,58.46901084536239,57.28885372279275,55.82143898994267,51.97168457684305,49.68413862684668,46.73796726810819,43.636166874290694,41.18344573238832,38.823335062094664,38.7379008367834,39.00817742616847,40.91576114066974,
49.5,4.511718749999999,4.861278551366692,5.071063065401892,5.116326525612893,4.977350648986492,4.930412517257762,4.8216758977116925,4.468968981811162,3.929102799572086,3.4006163982378355,2.9514783833762324,3.041886038378387,3.1655196954495723,3.6162569232837685,4.060339720094627,4.313703895788293,4.385422736239622,4.680981291140208,4.456172005419468,
49.5,47.167968750000036,49.01789205961418,49.15030355697218,48.97055388800909,48.11438960686937,48.144028109693345,46.529172412917696,43.944861654476256,41.31895202130621,38.882519572304524,35.09692773275658,32.827020164166605,31.46898991358686,33.9928150788674,37.413130278014776,40.48245194509015,42.75787167833635,45.63956758861706,46.99235932987807,
49.0,42.65625000000007,45.371933146089184,47.199894685663786,48.97055388800909,51.432623372860334,53.944513424114184,55.69035661856982,56.048319313548035,55.51442020040529,53.76823663628956,49.46934420832833,47.529469349662016,44.87589685902022,42.1896641049772,40.313372935225196,38.49151168549557,39.10335273147003,39.78834097469184,40.51065459472251,
49.0,4.921874999999999,5.2663850973139175,5.461144839663576,5.847230314986163,5.6409974021846905,5.5104610486998515,5.303843487482862,5.027590104537558,4.562829057567585,4.042242133754409,3.5931041188928052,3.675612296373885,4.096554899993564,4.339508307940522,4.6403882515367165,4.977350648986492,5.116326525612893,5.071063065401892,5.266385097313917,
49.0,30.761718750000043,31.598310583883556,32.37678726371983,32.52521862711059,32.51869090671181,31.612644963593937,31.340893335125998,30.16554062722529,29.658388874189164,29.00148324534894,27.718231774315726,27.50371959700448,28.303470218137313,29.412222976041335,30.45254790070976,31.191397400315402,31.428862943050678,31.986705489458142,32.00341712983078,
48.5,43.88671875000007,46.99235932987808,49.15030355697218,51.16326525612888,53.75538700905401,56.264707549882516,57.86011077254007,58.28280380445359,57.542344225990966,55.43646354863271,51.5867091355331,50.69810063963946,48.97245175901375,47.25242379757443,46.69390678108812,45.127979217477495,42.39241978364972,40.17842274895352,41.725974232564184,
48.5,4.511718749999999,4.861278551366692,5.071063065401892,5.116326525612893,4.977350648986492,4.930412517257762,4.8216758977116925,4.468968981811162,3.929102799572086,3.4006163982378355,2.9514783833762324,3.041886038378387,3.1655196954495723,3.6162569232837685,4.060339720094627,4.313703895788293,4.385422736239622,4.680981291140208,4.456172005419468,
48.5,32.40234375000005,32.813630221725234,32.766869037981515,32.52521862711059,31.855044153513607,30.452547900709764,29.8943905658125,29.23450542268131,28.390936358198175,27.974882068522383,26.94828089169583,27.50371959700448,29.2345054226813,30.858725745354825,31.612644963593933,32.518690906711804,32.52521862711059,33.156950812243196,33.21873676767245,
48.0,43.06640625000007,45.371933146089184,46.809812911402105,47.50874630926257,48.77803636006756,52.49439209550898,54.726021439027484,55.67590523173045,55.767910703603505,54.53818751890948,51.77919685618807,51.07833639443676,49.53107288174014,47.97567518223117,47.56397957825125,46.45527272387388,44.21967925708288,42.12883162026194,42.53618732445864,
48.0,27.480468750000036,28.35745821630575,28.47596952110298,28.505247785557593,28.536810387522603,27.552305243499312,27.965720206727845,27.931056136319732,27.50371959700449,27.782394347867406,25.985842288420983,25.729286074617107,26.813813890866943,27.483552616956672,27.55230524349931,28.2049870109235,28.13979589087095,28.47596952110298,28.35745821630575,
47.5,43.88671875000007,46.18214623798364,47.98005823418714,48.97055388800909,51.432623372860334,54.81458622127731,57.13685938788331,58.096596763544795,58.17607048398648,56.78387759321756,54.02488693049616,53.486496174819635,51.95176441355449,50.868680720858166,51.04427076690375,50.76897661966213,49.33600578269572,46.809812911402105,43.346400416353084,
47.5,28.30078125000004,28.35745821630575,28.08588774684129,28.505247785557593,28.204987010923507,27.552305243499312,27.965720206727845,27.372435013593336,27.123483842207193,27.58990662721243,27.140768612350804,26.616502835810792,26.813813890866943,27.724636411842255,28.71240230638349,28.8686337641217,28.870699680244226,28.866051295364663,28.762564762252975,
47.0,43.88671875000007,45.371933146089184,47.199894685663786,48.239650098635835,52.42809350265762,55.68465901844044,58.101194567425644,59.027631968088784,59.06328724518021,57.55382847583747,54.794837813116075,54.37371293601333,52.882799618098474,51.8330159004005,51.914343564066876,52.09627012605852,50.797813361442245,48.37014000844882,44.561720054194744,
47.0,28.30078125000004,28.35745821630575,28.08588774684129,28.505247785557593,28.204987010923507,27.552305243499312,27.965720206727845,27.55864205450214,27.50371959700449,27.718231774315743,27.718231774315726,27.123483842207186,27.00002093177574,27.96572020672784,28.71240230638349,28.8686337641217,28.870699680244226,28.866051295364663,28.762564762252975,
46.5,47.167968750000036,42.941293870405865,44.07924049157034,45.31603494114278,50.437153243063044,54.23453768983522,58.342278362311234,60.88970237717675,61.851682780360505,61.46774546248871,59.54286825593888,58.556306238783776,57.16556155900081,57.860110772540054,59.164950207092936,59.72820778783773,58.83775504454815,56.17177549368244,52.258744427191935,
46.5,27.480468750000036,26.331925486569624,24.575151778486127,21.927113681198144,18.913932466148694,15.661310348936441,14.706111488020685,18.248290009062284,21.41994752024777,23.99680250831965,25.665029420662698,25.095559816621613,25.88277868632296,26.03704984764318,26.10218391489408,26.877693504527098,27.774343996184317,27.695805972579606,27.952351670358524,
46.5,8.613281249999996,8.50723746489171,8.191717259495363,7.674489788419338,6.968290908581088,6.0905095801419415,5.062759692597277,3.910347859084767,2.6616502835810896,2.3098526478596604,1.283251471033143,2.6616502835810887,3.910347859084766,5.062759692597276,6.090509580141941,6.9682909085810865,7.674489788419337,8.191717259495363,8.507237464891709,
46.0,47.98828125000003,42.53618732445864,40.17842274895352,46.04693873051604,51.100799996261244,54.81458622127731,58.824445952082385,61.44832349990315,62.612154289955136,62.109371198005306,60.184493991455476,59.190032496779295,57.91038972263599,58.34227836231121,59.744998738535024,60.060031164436836,59.20320693923478,56.9519390422058,53.06895751908638,
46.0,27.480468750000036,27.952351670358524,27.695805972579606,28.505247785557593,28.536810387522603,28.1323537749414,28.447887796499007,28.489677259046122,28.13744585499998,28.23153236272902,27.589906627212407,26.869993339008985,27.372435013593332,27.24246882207109,27.26228097777826,27.541340257725302,28.13979589087095,28.47596952110298,28.35745821630575,
45.5,58.242187499999936,53.4740640650336,47.199894685663786,40.19970841552993,45.1279792174775,49.884173704019595,53.52060246459958,56.42073339536563,59.19003249677931,60.441144285662155,58.64459222621565,57.035363219594515,58.09659676354479,61.2352839009382,63.51531419290856,64.041911683626,64.31953346484762,63.97341097891604,61.981301529925226,
45.5,28.30078125000004,28.762564762252975,28.47596952110298,28.870699680244226,29.200457140720804,28.712402306383492,28.68897159138459,28.489677259046122,27.883955351801784,27.782394347867406,27.140768612350804,26.616502835810792,27.372435013593332,27.483552616956672,27.55230524349931,28.2049870109235,28.870699680244226,28.866051295364663,28.762564762252975,
45.0,59.06249999999993,53.87917061098082,47.58997645992547,40.9306122049032,45.45980259407659,50.46422223546168,54.24385384925633,57.165561559000814,59.82375875477484,61.08277002117875,59.79951855014552,57.66908947759004,58.65521788627118,61.717451490709365,64.09536272435065,64.70555843682418,65.05043725422088,64.36349275317772,62.386408075872446,
45.0,28.71093750000004,28.762564762252975,28.866051295364663,28.505247785557593,28.536810387522603,28.1323537749414,28.206804001613428,27.931056136319732,27.757210100202688,27.525744053660766,26.24249258262761,25.602540823018003,26.068985727231755,26.760301232299927,27.26228097777826,28.2049870109235,28.13979589087095,28.866051295364663,28.762564762252975,
44.5,59.06249999999993,53.87917061098082,47.58997645992547,40.9306122049032,45.45980259407659,50.46422223546168,54.00277005437074,56.793147477183226,59.443522999977525,60.50530685921382,59.222055388180586,57.28885372279273,58.282803804453586,61.717451490709365,64.09536272435065,64.70555843682418,65.05043725422088,64.36349275317772,62.386408075872446,
44.5,29.53125000000004,29.572777854147425,29.646214843888032,29.236151574930865,29.532280517319904,29.00242657210454,28.930055386270173,28.489677259046122,28.13744585499998,27.782394347867406,25.600866847111046,24.71532406182432,25.510364604505366,26.519217437414344,27.26228097777826,28.2049870109235,28.505247785557593,29.256133069626348,29.1676713082002,
44.0,16.40625000000001,21.47064693520292,25.74539710127118,29.6016034696175,32.51869090671181,34.8029118865254,35.921485437952065,36.496580018124384,35.99565145414408,34.64778971789499,31.632148760966963,32.827020164166605,33.14485328176603,32.546312309553905,31.322620697872892,29.2004571407208,26.31253641743777,23.014824681439386,19.040007659519564,
44.0,24.60937500000003,23.09107311899182,21.064415810130964,18.63804662901842,16.59116882995499,14.50121328605226,13.259608718707172,11.917250618163118,10.266365379527079,11.228450371539981,16.104805961465875,18.885042488265796,21.413809704511838,23.626211898787336,24.942086852009897,26.214046751328897,26.67798831212441,26.525560649794553,25.926818940622393,
44.0,36.50390625000006,34.02894985956691,31.206541940934773,27.408892101497685,23.227636361937,18.851577271867942,13.741776308478341,13.965528068159907,17.364099469076624,20.40369838942688,26.050004861972642,28.644426861396365,31.096575831769268,33.02847989932507,34.80291188652539,36.83239480250009,38.37244894209677,38.618095651906785,38.080015319039155,
44.0,28.71093750000004,29.572777854147425,29.646214843888032,29.6016034696175,29.864103893919005,29.00242657210454,29.171139181155755,29.23450542268131,28.644426861396376,27.974882068522383,25.857517141317672,24.71532406182432,24.951743481778976,26.519217437414344,27.26228097777826,28.2049870109235,28.870699680244226,29.646214843888032,29.572777854147425,
43.5,36.50390625000006,34.839162951461354,32.37678726371983,29.236151574930865,26.2140467513289,22.911916991962585,20.251038770389144,17.13104776360949,13.561741921103673,12.511701842573114,17.45222000605066,22.05367377824325,26.255192768140553,30.376558155583663,33.35279055792019,35.8369246727028,37.27609325803685,37.837932103383416,37.674908773091936,
43.5,51.26953125,48.61278551366696,44.8594040400937,39.834256520843304,34.509631166306406,28.1323537749414,21.215373949931486,19.365532254515077,20.405985507454982,21.045324124943445,24.510103096732884,31.30607714497743,37.42761522266836,42.43074789986278,46.69390678108812,50.10532986646394,52.259620940188775,53.44120307385068,53.06895751908638,
43.5,34.45312500000005,34.434056405514134,33.54703258650488,31.794314837737318,29.532280517319904,26.10218391489408,22.420792924359414,18.062082968153483,13.181506166306376,8.084484267508808,6.608745075820699,10.266365379527075,14.3379421499775,18.32236841130446,22.331868460520486,26.214046751328897,29.23615157493086,31.986705489458142,33.62384331361968,
11.0,23.378906250000025,21.87575348115014,19.894170487345907,17.17623905027187,14.268405193761291,10.730897831678666,7.7146814363387115,4.282761940902364,5.830281573558584,9.56022345919691,15.719830520155934,18.124570978671205,20.29656745905906,22.17970912947382,23.20194125768362,24.5549298683334,25.216180733377865,25.355315327009496,24.71149930278072,
11.5,26.660156250000036,27.5472451244113,27.30572419831792,27.043440206811045,26.8776935045271,25.812159649173037,26.278133642528765,27.18622797268454,28.01070060340088,27.974882068522383,26.94828089169583,25.856031326216204,25.510364604505366,25.554882257872016,25.81215964917303,26.877693504527098,27.043440206811045,26.915642424056237,26.737032032516844,
43.5,28.71093750000004,29.572777854147425,29.646214843888032,29.6016034696175,29.864103893919005,29.00242657210454,29.171139181155755,28.862091340863714,28.13744585499998,27.397418906557444,25.665029420662698,25.095559816621613,25.137950522687774,26.27813364252876,27.26228097777826,28.2049870109235,28.870699680244226,29.646214843888032,29.572777854147425,
43.0,20.097656250000018,21.47064693520292,22.234661132916017,22.658017470571416,22.232166232139697,21.461795663357353,20.733206360160317,19.737946336332676,18.631551985067606,17.003081991189077,11.87007610705654,8.491931857139678,5.213797145446356,5.30384348748286,7.830655174468209,10.618348051171186,13.156268208718874,15.993352744729057,18.229794567625113,
43.0,28.71093750000004,29.1676713082002,28.866051295364663,28.505247785557593,28.536810387522603,27.552305243499312,28.206804001613428,27.931056136319732,27.883955351801784,27.269093759454133,25.793354567766013,25.34905031981981,25.510364604505366,26.03704984764318,25.81215964917303,26.545870127927998,28.13979589087095,28.866051295364663,29.1676713082002,
42.5,23.378906250000025,25.11660584872795,25.74539710127118,26.312536417437776,25.882223374729804,24.652062586288853,23.14404430901617,21.04139562269425,18.251316230270312,15.142367358191034,7.378695958440581,4.3093385543693845,1.1172422454527906,4.339508307940522,8.410703705910299,12.277464934166687,15.714431471525327,18.723925164560853,21.470646935202918,
42.5,33.63281250000005,32.813630221725234,30.81646016667309,28.139795890870957,25.218576621531604,21.751819929078398,18.804536001075633,15.2689773545215,12.294289405112677,9.431898312093598,10.458499488920095,15.209430191891945,19.55173929542387,23.385128103901746,26.68223244633617,29.5322805173199,31.794314837737314,33.156950812243196,34.0289498595669,
42.5,41.01562500000007,41.320867686616964,40.17842274895352,38.37244894209677,35.50510129610371,31.612644963593937,27.48355261695668,22.90346603178222,17.744335223873918,12.126726401263173,10.522662062471753,15.969901701486535,21.041395622694246,25.7959660527576,29.582475103546628,33.51416103650911,36.54518946866359,39.00817742616847,40.51065459472251,
42.5,19.277343750000018,20.255327297361244,20.28425226160759,20.09985420776496,19.245755842747794,17.981504474704806,16.39369805221978,14.337942149977506,11.787308398716277,9.111085444335314,5.902956766752469,5.450045818761282,5.586211227263953,6.7503462567963695,9.280776503073437,11.945641557567585,14.618075787465418,16.383434518990743,18.229794567625113,
11.5,28.30078125000004,26.73703203251685,24.575151778486127,21.561661786511507,18.582109089549597,14.50121328605226,10.84877076985132,6.889660513625547,11.533817895518077,15.84815566725926,22.52106331663153,24.588578810225222,26.813813890866943,28.93005538627017,30.162523634988716,30.859574023716302,31.063411048364042,30.81646016667309,29.977884400094652,
12.0,27.480468750000036,28.35745821630575,28.08588774684129,28.139795890870957,27.873163634324406,26.682232446336172,26.51921743741435,26.627606849958152,27.50371959700449,27.782394347867406,26.94828089169583,25.856031326216204,25.510364604505366,25.554882257872016,25.81215964917303,26.877693504527098,27.40889210149768,27.30572419831792,27.14213857846407,
42.5,30.351562500000043,30.382990946041883,30.4263783924114,30.332507258990773,29.864103893919005,29.00242657210454,29.41222297604134,28.862091340863714,28.51768160979728,27.58990662721243,25.665029420662698,24.71532406182432,25.137950522687774,26.03704984764318,26.10218391489408,27.541340257725302,28.870699680244226,30.036296618149716,30.382990946041875,
42.0,24.19921875000003,24.711499302780723,24.575151778486127,23.754373154631324,22.563989608738797,20.591722866194218,18.322368411304463,18.434497049971082,19.0117877398649,19.120446918393746,14.82155449043274,11.153582140720774,7.634488677260742,10.125519385194561,13.341116223168076,16.59116882995499,19.00349852370505,21.454497584392644,23.09107311899182,
42.0,23.78906250000003,22.685966573044592,21.064415810130964,18.63804662901842,16.59116882995499,13.921164754610167,12.054189744279245,9.86897316816633,8.36518660554058,7.122045664233959,10.586824636023408,13.434996669504569,16.200012559065488,18.80453600107563,20.591722866194214,22.563989608738797,23.75437315463132,24.185070004224443,24.306392756833493,
42.0,41.83593750000007,42.941293870405865,42.9089951687853,41.661515994276456,39.486981815292864,36.253033215130614,33.02847989932508,29.04829838177251,24.208343055427935,18.863796624187117,15.206529931742681,17.11060896587842,19.179325213606273,21.938625334588238,25.81215964917303,30.5277506471172,34.35247810054377,37.837932103383416,40.51065459472251,
12.0,28.30078125000004,26.73703203251685,24.575151778486127,21.561661786511507,18.582109089549597,14.791237551773303,10.84877076985132,7.262074595443145,11.914053650315376,16.425618829224167,23.09852647859644,25.095559816621613,27.186227972684534,28.93005538627017,30.162523634988716,30.859574023716302,31.063411048364042,30.81646016667309,29.977884400094652,
12.5,28.30078125000004,28.35745821630575,27.695805972579606,27.043440206811045,26.8776935045271,25.812159649173037,25.55488225787202,26.068985727231762,27.123483842207193,27.58990662721243,26.94828089169583,26.616502835810792,27.93105613631972,28.688971591384586,28.71240230638349,27.8731636343244,27.774343996184317,27.695805972579606,27.952351670358524,
42.0,29.53125000000004,29.572777854147425,29.256133069626348,29.6016034696175,29.532280517319904,28.712402306383492,28.930055386270173,28.303470218137324,27.883955351801784,27.461581480109107,26.563305450385894,25.856031326216204,25.137950522687774,25.7959660527576,26.68223244633617,27.541340257725302,27.774343996184317,28.866051295364663,29.572777854147425,
41.5,4.921874999999999,4.051065459472244,4.680981291140208,4.7508746309262575,5.309174025585592,5.800485314420896,6.268178667025199,6.517246431807949,6.590753083153182,6.416257355165731,6.672907649372357,6.97098883795048,7.075867554534344,6.991430051681954,6.960582377305075,6.9682909085810865,6.578134104359432,6.241308388186943,5.671491643261141,
41.5,56.19140624999995,54.68938370287526,51.490794202542276,47.143294414575934,41.477922074887445,34.8029118865254,34.71606646352415,36.12416593630678,37.77008497653146,39.20333244006282,38.5617067045462,36.50263246054046,39.47589267266512,43.636166874290694,47.56397957825125,51.764446749459424,54.45233230830857,56.56185726794412,57.12002297855859,
41.5,8.613281249999996,8.912344010838936,8.97188080801873,8.770845472479245,8.295584414977485,7.83065517446821,7.2325138465675405,6.33103939089915,5.196555315563084,4.042242133754409,2.502340368514631,2.2814145287837904,2.606898572723178,3.3751731283981847,4.060339720094627,5.309174025585591,6.212682209672797,7.021471936710311,7.697024372997262,
12.5,27.480468750000036,25.9268189406224,23.794988229962755,21.19620989182487,17.918462336351393,14.211189020331213,10.366603180080148,6.517246431807949,11.280327392319878,15.7839930937076,22.392738169528215,24.461833558626118,26.44139980904935,28.447887796499003,29.582475103546628,30.5277506471172,30.332507258990766,30.036296618149716,29.1676713082002,
13.0,28.30078125000004,28.35745821630575,28.08588774684129,27.77434399618432,27.541340257725306,26.682232446336172,26.51921743741435,27.000020931775744,27.50371959700449,27.461581480109107,26.178330009075953,25.729286074617107,27.00002093177574,27.724636411842255,27.55230524349931,27.209516881126202,27.043440206811045,27.30572419831792,27.952351670358524,
13.5,30.351562500000043,30.788097491989106,30.4263783924114,29.967055364304137,29.532280517319904,29.58247510354663,29.653306770926925,29.979333586316493,30.545605635382852,30.34889728993379,28.616507804038964,28.01070060340087,27.00002093177574,28.206804001613424,29.582475103546628,30.859574023716302,31.063411048364042,31.596623715196458,31.193204037936326,
14.0,30.761718750000043,31.193204037936333,30.81646016667309,30.332507258990773,30.52775064711721,30.16252363498872,29.41222297604134,29.979333586316493,30.79909613858105,30.79803530479541,29.322296113107218,28.644426861396365,27.55864205450213,28.688971591384586,30.162523634988716,31.191397400315402,31.794314837737314,32.37678726371983,32.00341712983078,
14.5,31.582031250000046,31.598310583883556,30.81646016667309,30.697959153677406,30.52775064711721,30.16252363498872,29.41222297604134,29.979333586316493,30.79909613858105,30.79803530479541,30.41305986348543,30.29211513218464,29.97933358631649,28.93005538627017,29.002426572104532,30.195927270518105,30.697959153677406,31.206541940934773,31.598310583883553,
15.0,32.40234375000005,32.40852367577801,31.986705489458142,31.794314837737318,31.523220776914506,30.452547900709764,30.37655815558367,31.28278287267807,31.432822396576537,30.79803530479541,29.707271554417176,29.65838887418915,29.420712463590096,28.447887796499003,28.71240230638349,29.864103893919005,29.967055364304134,31.206541940934773,32.00341712983078,
15.5,32.40234375000005,32.00341712983078,31.596623715196458,31.42886294305068,30.859574023716306,29.58247510354663,30.135474360698083,30.910368790860478,30.925841390180146,30.22057214283047,28.42402008338398,28.771172112995462,28.48967725904611,29.171139181155752,29.582475103546628,30.5277506471172,30.697959153677406,31.206541940934773,31.598310583883553,
16.0,28.71093750000004,28.762564762252975,28.47596952110298,28.139795890870957,28.204987010923507,27.262280977778268,28.206804001613428,29.6069195044989,30.29211513218465,30.22057214283047,28.74483295114228,27.376974345405383,26.813813890866943,27.24246882207109,27.26228097777826,27.8731636343244,27.774343996184317,27.695805972579606,28.35745821630575,
16.5,28.30078125000004,28.762564762252975,28.47596952110298,28.139795890870957,27.873163634324406,26.682232446336172,27.724636411842262,29.04829838177251,29.658388874189164,29.57894640731387,28.03904464207402,26.99673859060809,27.93105613631972,28.206804001613424,27.55230524349931,28.2049870109235,28.505247785557593,28.08588774684129,28.35745821630575,
17.0,26.660156250000036,27.142138578464074,26.915642424056237,26.67798831212441,26.2140467513289,25.23211111773095,25.55488225787202,26.255192768140557,27.757210100202688,28.61650780403898,27.525744053660745,27.630464848603577,28.303470218137313,27.96572020672784,27.26228097777826,27.541340257725302,27.40889210149768,26.915642424056237,27.14213857846407,
17.5,27.480468750000036,27.5472451244113,26.915642424056237,25.94708452275114,24.8867532449325,23.20194125768363,23.14404430901617,23.275880113599815,24.715324061824326,25.66502942066272,26.691630597489205,28.137445854999974,28.862091340863707,29.171139181155752,29.002426572104532,28.5368103875226,27.043440206811045,27.30572419831792,27.952351670358524,
18.0,24.19921875000003,24.711499302780723,24.575151778486127,23.754373154631324,23.227636361937,22.33186846052049,22.90296051413058,22.717258990873418,22.560654784639652,23.675989640561365,25.408379126456072,25.602540823018003,25.696571645414163,25.554882257872016,25.23211111773094,24.5549298683334,23.023469365258048,23.40490645570107,24.306392756833493,
18.5,25.429687500000032,25.521712394675173,25.355315327009496,24.485276944004596,24.5549298683334,24.36203832056781,24.831630873215268,24.951743481778983,24.715324061824326,24.638428243836213,22.58522589018319,23.447871545833337,23.648294195417396,23.86729569367292,25.23211111773094,26.214046751328897,26.31253641743777,26.135478875532865,25.52171239467517,
19.0,26.250000000000032,26.331925486569624,25.74539710127118,24.485276944004596,24.8867532449325,24.36203832056781,24.831630873215268,24.951743481778983,24.715324061824326,24.638428243836213,24.381777949629573,24.71532406182432,24.951743481778976,25.072714668100843,26.10218391489408,26.877693504527098,27.043440206811045,26.915642424056237,26.33192548656962,
19.5,29.53125000000004,26.73703203251685,24.185070004224443,22.29256557588478,26.8776935045271,30.452547900709764,33.51064748909624,36.86899409994197,39.79800900211703,41.57734766147423,43.309737147369006,43.47362129849086,43.20003349084105,42.43074789986278,42.34354279527249,41.14609869828834,38.7379008367834,36.27760500633668,32.408523675778,
20.0,30.351562500000043,27.5472451244113,24.575151778486127,22.658017470571416,26.8776935045271,30.452547900709764,33.51064748909624,36.86899409994197,39.79800900211703,41.57734766147423,43.05308685316237,43.47362129849086,43.20003349084105,42.67183169474836,41.18344573238832,39.818805191891954,38.006997047410124,36.27760500633668,33.62384331361968,
20.5,30.351562500000043,28.762564762252975,26.525560649794553,24.11982504931796,25.882223374729804,29.58247510354663,32.54631230955391,35.93795889539799,38.91079224092334,40.80739677885431,42.28313597054245,42.58640453729718,42.26899828629707,41.70749651520603,40.313372935225196,38.823335062094664,36.54518946866359,33.93711436076657,32.408523675778,
21.0,24.60937500000003,25.9268189406224,26.135478875532865,26.67798831212441,27.209516881126202,27.262280977778268,27.724636411842262,27.372435013593336,26.869993339008996,25.66502942066272,24.1892902289746,23.82810730063063,23.648294195417396,23.385128103901746,23.20194125768362,24.223106491734296,24.48527694400459,24.96523355274781,24.306392756833493,
21.5,26.250000000000032,27.5472451244113,27.695805972579606,28.870699680244226,30.52775064711721,31.032596432151852,31.340893335125998,30.72416174995168,29.404898370990963,28.039044642074042,25.921679714869324,25.22230506822071,24.579329399961384,23.86729569367292,23.20194125768362,23.559459738536095,24.119825049317956,24.575151778486127,25.52171239467517,
22.0,24.19921875000003,24.711499302780723,24.96523355274781,25.94708452275114,27.209516881126202,27.552305243499312,27.965720206727845,27.55864205450214,26.616502835810802,25.60086684711106,23.22685162569975,22.814145287837842,22.158637868147025,22.902960514130577,22.911916991962578,23.227636361936995,23.388921259944684,23.40490645570107,23.90128621088627,
22.5,27.480468750000036,28.762564762252975,29.256133069626348,30.697959153677406,32.18686753011271,33.06276629219915,33.26956369421066,32.58623215903965,31.55956764817564,29.835596701520515,25.985842288420983,24.71532406182432,23.275880113599804,23.144044309016163,22.331868460520486,22.563989608738797,23.388921259944684,24.575151778486127,26.33192548656962,
23.0,23.378906250000025,23.901286210886273,23.794988229962755,25.216180733377865,26.545870127928,27.262280977778268,27.724636411842262,27.372435013593336,26.869993339008996,25.66502942066272,23.675989640561347,24.208343055427925,24.206915318143793,23.626211898787336,22.331868460520486,21.900342855540597,21.561661786511504,21.84457935865433,22.685966573044592,
23.5,31.582031250000046,34.02894985956691,35.49744145781331,36.91064136335022,37.496041555698284,36.833081746572695,36.64473682260881,35.565544813580395,34.0944726801576,32.33793707003524,28.488182656935642,26.99673859060809,25.137950522687774,23.144044309016163,22.331868460520486,25.550399998130697,28.13979589087095,30.036296618149716,31.193204037936326,
24.0,32.40234375000005,34.839162951461354,36.27760500633668,37.641545152723495,37.82786493229738,37.413130278014776,37.367988207265554,36.31037297721558,34.7281989381531,32.979562805551836,29.129808392452233,27.630464848603577,25.696571645414163,23.385128103901746,22.911916991962578,26.214046751328897,28.870699680244226,30.81646016667309,32.00341712983078,
24.5,37.73437500000006,40.51065459472252,42.12883162026194,43.12332357302299,43.46886233448202,43.21361559243562,43.153999284519536,42.082791245388286,40.43173526011252,38.43338155744291,32.91540023200015,30.29211513218464,27.186227972684534,23.626211898787336,24.65206258628885,28.5368103875226,31.794314837737314,34.32719613502825,36.459589135250255,
25.0,34.45312500000005,36.459589135250255,37.44785032912173,37.641545152723495,37.82786493229738,37.413130278014776,37.367988207265554,36.496580018124384,35.235179944549486,33.74951368817175,28.5523452304873,26.363012332612595,23.462087154508602,22.661876719244994,25.81215964917303,28.8686337641217,31.063411048364042,32.37678726371983,33.62384331361968,
25.5,38.554687500000064,39.70044150282806,41.34866807173858,42.75787167833635,43.13703895788293,42.3435427952725,42.43074789986279,41.71037716357069,39.924754253716124,37.920080969029634,31.183010746105342,28.137445854999974,24.765536440870182,28.93005538627017,32.48271776075706,35.5051012961037,37.64154515272349,39.00817742616847,39.295334956880836,
26.0,30.351562500000043,29.977884400094656,30.81646016667309,31.063411048364046,30.859574023716306,29.58247510354663,30.135474360698083,29.7931265454077,28.771172112995473,27.718231774315743,25.985842288420983,26.99673859060809,29.79312654540769,32.06414471978274,33.35279055792019,34.509631166306406,34.717929995230406,33.93711436076657,32.408523675778,
26.5,31.582031250000046,33.21873676767245,33.54703258650488,33.6215743111705,32.85051428331091,32.48271776075706,32.064144719782746,30.72416174995168,29.151407867792766,28.103207215625705,26.370817729730923,27.883955351801774,30.165540627225287,31.82306092489716,32.48271776075706,33.51416103650911,33.62157431117049,32.766869037981515,32.81363022172523,
27.0,26.660156250000036,27.952351670358524,28.47596952110298,28.139795890870957,27.873163634324406,27.552305243499312,27.724636411842262,27.000020931775744,26.23626708101351,25.857517141317686,27.140768612350804,28.771172112995462,30.165540627225287,30.617641950469245,30.45254790070976,30.859574023716302,30.332507258990766,28.866051295364663,28.35745821630575,
27.5,26.660156250000036,27.5472451244113,27.695805972579606,27.043440206811045,27.209516881126202,27.552305243499312,27.965720206727845,27.372435013593336,26.23626708101351,25.53670427355941,26.370817729730923,27.883955351801774,29.2345054226813,29.653306770926914,29.582475103546628,29.5322805173199,28.870699680244226,28.47596952110298,27.952351670358524,
28.0,22.558593750000025,23.49617966493905,23.794988229962755,23.388921259944684,23.8912831151352,24.652062586288853,25.55488225787202,25.696571645414167,25.349050319819817,25.47254170000775,25.215891405801102,25.34905031981981,25.137950522687774,25.31379846298643,24.65206258628885,25.2185766215316,25.216180733377865,24.575151778486127,23.90128621088627,
28.5,22.148437500000025,22.685966573044592,23.014824681439386,22.658017470571416,23.227636361937,24.36203832056781,25.07271466810085,25.137950522687778,24.715324061824326,24.766753390939527,24.57426567028454,24.71532406182432,24.579329399961384,24.83163087321526,24.362038320567805,24.8867532449325,24.48527694400459,23.794988229962755,23.496179664939042,
29.0,21.32812500000002,22.28086002709737,22.6247429071777,22.29256557588478,21.900342855540597,20.88174713191526,19.768871180617975,19.551739295423875,21.546692771846867,23.034363905044795,23.932639934767973,24.081597803828824,24.020708277234995,23.626211898787336,22.911916991962578,21.568519478941496,19.734402313078323,18.33384339029917,20.25532729736124,
29.5,22.558593750000025,23.49617966493905,23.794988229962755,23.754373154631324,23.227636361937,22.33186846052049,20.9742901550459,20.48277449996786,22.18041902984236,23.35517677280308,24.638428243836195,24.71532406182432,24.206915318143793,24.1083794885585,23.20194125768362,22.232166232139697,21.196209891824868,19.894170487345907,21.470646935202918,
30.0,20.097656250000018,19.445114205466794,19.114006938822538,18.63804662901842,18.582109089549597,18.851577271867942,19.52778738573239,20.296567459059066,20.65947601065318,21.173649272046756,22.45690074307987,23.194381042635136,23.648294195417396,23.86729569367292,23.781989789125717,23.559459738536095,23.388921259944684,23.014824681439386,21.87575348115014,
30.5,22.558593750000025,22.28086002709737,21.84457935865433,21.561661786511507,21.568519478941496,21.751819929078398,22.179709129473824,22.344844909055826,22.30716428144146,22.392738169528233,21.301974419150056,22.687400036238746,23.648294195417396,24.34946328344409,24.65206258628885,24.8867532449325,25.216180733377865,24.96523355274781,24.306392756833493,
31.0,19.277343750000018,19.850220751414017,19.504088713084222,19.734402313078327,20.241225972545095,20.30169860047317,20.49212256527473,19.92415337724147,20.405985507454982,20.660348683633504,21.301974419150056,21.67343802344596,21.786223786329433,21.938625334588238,21.46179566335735,21.900342855540597,21.561661786511504,21.454497584392644,20.660433843308464,
31.5,22.558593750000025,23.49617966493905,23.794988229962755,24.11982504931796,24.8867532449325,24.652062586288853,24.590547078329678,23.648294195417407,23.57461679743244,23.291014199251425,22.45690074307987,21.166457017049567,20.668981540876654,21.456457744817065,21.751819929078398,22.895812985337898,23.388921259944684,23.794988229962755,23.496179664939042,
41.5,34.45312500000005,34.434056405514134,33.93711436076657,33.987026205857134,33.18233765991001,31.90266922931498,31.58197713001158,30.16554062722529,28.897917364594573,27.58990662721243,26.050004861972642,26.869993339008985,27.00002093177574,28.447887796499003,30.162523634988716,31.523220776914503,31.794314837737314,33.54703258650488,34.43405640551413,
31.5,6.562499999999998,6.886811281102814,7.411553710971995,8.039941683105974,8.959231168175684,9.86082503451553,12.054189744279245,13.779321027251108,15.20943019189195,16.36145625567251,16.3614562556725,15.209430191891945,13.779321027251104,12.536357334050413,10.730897831678664,9.622877921373885,8.405393577792607,7.801635485233678,7.291917827050038,
31.5,9.843749999999996,10.127663648680608,10.922289679327152,13.52172010340551,15.59569870015769,17.11143167754167,18.563452206190046,19.551739295423875,20.152495004256785,20.275373242323564,19.377097212600358,18.504806733468502,17.131047763609484,15.429362872677437,13.051091957447028,10.950171427770286,10.232653051225785,10.532207905065468,10.127663648680606,
41.0,4.921874999999999,4.456172005419469,5.071063065401892,5.481778420299528,5.97282077878379,6.0905095801419415,6.268178667025199,6.144832349990352,5.9570268251576834,5.646306472545844,5.517981325442525,5.830281573558581,6.14483234999035,6.509262461910784,6.67055811158403,6.636467531981989,6.578134104359432,6.241308388186943,5.671491643261141,
41.0,34.45312500000005,38.89022841093362,42.51891339452362,44.95058304645615,46.787096100472986,47.563979578251256,47.7345913873456,46.924174309017,45.374800072477356,43.3738997209207,42.73227398540407,44.10734755648636,44.68968981811143,44.359418258947436,42.633567060993535,40.48245194509015,36.91064136335022,33.54703258650488,33.62384331361968,
41.0,32.81250000000005,33.21873676767245,33.156950812243196,32.52521862711059,32.18686753011271,31.032596432151852,30.858725745354835,29.7931265454077,28.51768160979728,27.782394347867406,27.525744053660745,27.757210100202677,27.93105613631972,27.96572020672784,28.132353774941397,30.195927270518105,31.428862943050678,32.766869037981515,33.21873676767245,
32.0,18.457031250000014,19.850220751414017,21.064415810130964,21.19620989182487,21.568519478941496,21.461795663357353,21.456457744817072,20.855188581785455,20.912966513851377,21.622787286908352,21.87943758111496,21.293202268648663,20.85518858178545,21.21537394993148,21.46179566335735,21.568519478941496,21.196209891824868,21.064415810130964,19.850220751414014,
32.0,6.972656249999998,7.697024372997263,8.191717259495363,8.405393577792609,9.622877921373885,10.150849300236576,12.536357334050415,14.337942149977506,15.96990170148654,17.067244564740733,17.067244564740722,15.969901701486535,14.710356231795098,13.25960871870717,11.310946363120754,10.286524674572085,9.136297367165877,8.581799033757047,8.102130918944486,
32.0,10.664062499999996,10.937876740575057,11.702453227850521,13.887171998092148,15.92752207675679,17.401455943262714,19.04561979596122,20.296567459059066,20.786221262252276,20.91699897784013,20.08288552166858,19.138532991463993,18.06208296815348,16.634781847105362,14.501213286052257,12.277464934166687,10.963556840599058,10.922289679327152,10.937876740575057,
40.5,4.921874999999999,4.051065459472244,4.680981291140208,4.7508746309262575,5.309174025585592,5.800485314420896,6.268178667025199,6.517246431807949,6.590753083153182,6.416257355165731,6.672907649372357,6.97098883795048,7.075867554534344,6.991430051681954,6.960582377305075,6.9682909085810865,6.578134104359432,6.241308388186943,5.671491643261141,
40.5,33.63281250000005,38.08001531903916,41.73874984600026,44.21967925708288,46.12344934727479,46.98393104680917,47.25242379757444,46.365553186290605,44.741073814481865,42.7322739854041,42.09064824988747,43.47362129849086,43.75865461356744,43.636166874290694,42.34354279527249,39.818805191891954,36.54518946866359,33.156950812243196,32.81363022172523,
40.5,32.40234375000005,32.40852367577801,32.37678726371983,32.159766732423954,31.523220776914506,30.452547900709764,30.37655815558367,29.23450542268131,27.883955351801784,27.076606038799166,26.24249258262761,26.99673859060809,27.372435013593332,27.24246882207109,27.55230524349931,29.5322805173199,30.697959153677406,31.986705489458142,32.408523675778,
32.5,22.148437500000025,23.901286210886273,24.96523355274781,25.581632628064504,25.882223374729804,25.812159649173037,25.55488225787202,24.579329399961388,24.081597803828835,24.317615376077928,24.510103096732884,24.461833558626118,23.834501236326197,23.144044309016163,21.751819929078398,22.895812985337898,23.023469365258048,23.40490645570107,23.09107311899182,
32.5,6.562499999999998,6.886811281102814,7.411553710971995,8.039941683105974,8.959231168175684,9.86082503451553,12.054189744279245,13.779321027251108,15.20943019189195,16.36145625567251,16.3614562556725,15.209430191891945,13.779321027251104,12.536357334050413,10.730897831678664,9.622877921373885,8.405393577792607,7.801635485233678,7.291917827050038,
32.5,9.843749999999996,10.127663648680608,10.922289679327152,13.52172010340551,15.59569870015769,17.11143167754167,18.563452206190046,19.551739295423875,20.152495004256785,20.275373242323564,19.377097212600358,18.504806733468502,17.131047763609484,15.429362872677437,13.051091957447028,10.950171427770286,10.232653051225785,10.532207905065468,10.127663648680606,
40.0,5.742187499999999,6.48170473515559,7.021471936710311,7.674489788419338,7.963761038378386,7.83065517446821,7.955765231224297,7.820695718169541,7.351224592747782,6.865395370027333,5.3896561783392105,4.436083805968484,3.7241408181759676,2.893005538627015,2.030169860047314,2.986410389391895,3.6545189468663515,4.680981291140208,5.266385097313917,
40.0,30.351562500000043,31.193204037936333,31.206541940934773,31.063411048364046,30.52775064711721,29.58247510354663,29.41222297604134,28.67588429995492,28.390936358198175,27.525744053660766,26.88411831814418,27.123483842207186,27.372435013593332,26.760301232299927,25.81215964917303,27.541340257725302,28.505247785557593,29.256133069626348,30.382990946041875,
33.0,20.507812500000018,21.87575348115014,23.014824681439386,23.023469365258048,23.227636361937,22.911916991962585,22.90296051413058,23.648294195417407,24.46183355862613,24.89507853804284,25.536704273559387,25.729286074617107,25.696571645414163,25.072714668100843,23.781989789125717,23.559459738536095,22.65801747057141,21.84457935865433,21.06554038925569,
33.5,21.32812500000002,22.685966573044592,23.40490645570107,23.754373154631324,23.8912831151352,23.20194125768363,23.14404430901617,23.648294195417407,24.335088307027032,24.381777949629587,25.023403685146135,25.602540823018003,25.510364604505366,25.31379846298643,24.362038320567805,23.891283115135195,23.023469365258048,22.6247429071777,21.470646935202918,
33.5,4.511718749999999,3.6459589135250203,2.7305724198317884,2.1927113681198116,2.986410389391896,3.480291188652538,4.339508307940523,5.027590104537558,5.450045818761284,5.902956766752473,6.5445825022690425,6.717498334752281,6.889660513625546,6.7503462567963695,6.380533845862985,6.3046441553828885,5.847230314986163,5.461144839663576,4.861278551366692,
39.5,4.921874999999999,5.671491643261143,6.241308388186943,6.943585999046068,7.300114285180188,7.540630908747164,7.473597641453125,7.075867554534346,6.717498334752283,6.159607060959103,4.68386786927098,3.802357547972985,2.7931056136319765,2.1697541539702616,1.7401455943262691,2.3227636361936965,3.2890670521797163,3.90081774261684,4.456172005419468,
33.5,11.894531249999998,14.178729108152861,15.993352744729057,17.54169094495851,18.250285712950493,18.851577271867942,19.52778738573239,19.365532254515077,18.885042488265803,17.83719544736061,15.655667946604279,15.843156449887436,15.641391436339093,15.18827907779185,14.21118902033121,12.941111687364886,11.329008735285692,9.361962582280414,9.722557102733383,
34.0,13.125000000000002,10.532770194627833,10.142126130803781,11.69446062997233,13.272935063963988,14.50121328605226,16.152614257334193,17.13104776360949,17.871080475473015,18.029683168015584,19.3129346390487,20.405985507454975,21.227602663603044,21.69754153970265,21.46179566335735,20.573049349144192,19.368950418391687,17.94376161603748,15.79915529194176,
39.5,29.53125000000004,30.382990946041883,30.4263783924114,30.332507258990773,29.864103893919005,29.00242657210454,28.930055386270173,27.931056136319732,27.757210100202688,26.81995574459254,26.178330009075953,26.48975758421169,26.627606849958145,26.27813364252876,25.23211111773094,26.877693504527098,28.13979589087095,28.866051295364663,29.572777854147425,
39.0,28.71093750000004,29.1676713082002,28.866051295364663,28.139795890870957,28.204987010923507,28.1323537749414,27.724636411842262,27.372435013593336,26.869993339008996,26.434980303282597,25.793354567766013,25.9827765778153,26.068985727231755,25.554882257872016,25.23211111773094,26.214046751328897,27.774343996184317,28.47596952110298,29.1676713082002,
38.5,34.86328125000006,35.24426949740858,34.32719613502825,33.25612241648386,32.51869090671181,31.612644963593937,29.8943905658125,31.468989913586867,32.70027491256752,33.17205052620682,30.41305986348543,28.771172112995462,29.79312654540769,30.13547436069808,30.45254790070976,32.18686753011271,33.62157431117049,34.71727790928994,35.24426949740858,
38.0,34.86328125000006,34.839162951461354,34.32719613502825,33.25612241648386,32.18686753011271,30.452547900709764,30.37655815558367,32.400025118130856,33.587491673761214,33.942001408826734,31.183010746105342,29.278153119391852,29.420712463590096,29.412222976041335,28.71240230638349,30.5277506471172,31.794314837737314,33.156950812243196,34.43405640551413,
37.5,34.45312500000005,34.02894985956691,32.37678726371983,31.794314837737318,31.191397400315406,29.58247510354663,29.8943905658125,31.28278287267807,31.813058151373834,32.979562805551836,32.5304247906902,30.54560563538284,30.724161749951676,30.617641950469245,30.45254790070976,31.523220776914503,32.890670521797226,33.54703258650488,34.0289498595669,
37.0,30.761718750000043,30.788097491989106,29.646214843888032,28.139795890870957,26.8776935045271,25.23211111773095,25.55488225787202,27.000020931775744,27.757210100202688,29.193970966003917,32.40209964358687,32.446784409369315,32.58623215903964,32.30522851466832,31.902669229314977,32.518690906711804,32.890670521797226,33.156950812243196,32.408523675778,
36.5,30.351562500000043,30.382990946041883,29.256133069626348,28.139795890870957,27.209516881126202,25.812159649173037,24.831630873215268,26.255192768140557,27.123483842207193,28.48818265693566,31.69631133451862,31.813058151373824,31.841403995404455,31.581977130011577,31.612644963593933,31.855044153513603,32.15976673242395,32.37678726371983,31.598310583883553,
36.0,26.660156250000036,27.5472451244113,27.30572419831792,26.67798831212441,26.8776935045271,26.10218391489408,26.037049847643182,25.137950522687778,25.602540823018014,25.40837912645609,24.830915964491165,25.095559816621613,25.137950522687774,24.590547078329674,23.20194125768362,24.223106491734296,25.5816326280645,26.525560649794553,27.14213857846407,
35.5,32.81250000000005,27.5472451244113,26.525560649794553,32.890670521797226,38.15968830889648,42.633567060993535,46.77025620780327,49.53107288174015,51.585317400833176,52.42082259170471,52.869960606566295,53.23300567162143,54.00004186355125,54.24385384925632,53.364464892672096,51.764446749459424,48.60510199332245,44.46932226583202,39.295334956880836,
34.0,4.921874999999999,4.051065459472244,3.120654194093472,2.923615157493082,3.6500571425900943,4.060339720094628,4.8216758977116925,5.586211227263956,6.083772076756784,6.544582502269048,7.1862082377856105,7.351224592747779,7.8206957181695405,7.955765231224294,7.830655174468209,7.631937661779286,7.309037893732702,6.631390162448627,6.076598189208365,
34.0,12.3046875,14.583835654100085,16.383434518990743,17.907142839645147,18.913932466148694,19.431625803310034,20.009954975503558,19.92415337724147,19.518768746261294,18.542983756428836,16.29729368212084,16.47688270788293,16.200012559065488,15.670446667563022,14.501213286052257,13.272935063963986,12.059912524658966,10.142126130803781,10.532770194627831,
35.5,26.660156250000036,28.762564762252975,29.646214843888032,30.332507258990773,30.19592727051811,29.58247510354663,28.930055386270173,27.372435013593336,26.23626708101351,25.729191994214375,23.547664493458036,24.461833558626118,24.951743481778976,24.590547078329674,24.65206258628885,25.550399998130697,25.947084522751137,26.525560649794553,26.33192548656962,
34.5,23.378906250000025,25.11660584872795,26.135478875532865,26.67798831212441,27.209516881126202,26.682232446336172,26.278133642528765,25.137950522687778,24.46183355862613,24.5101030967329,24.317615376077914,24.081597803828824,23.834501236326197,23.144044309016163,22.911916991962578,23.227636361936995,23.023469365258048,23.40490645570107,23.09107311899182,
34.5,32.81250000000005,27.5472451244113,26.525560649794553,32.890670521797226,38.15968830889648,42.633567060993535,46.77025620780327,49.53107288174015,51.585317400833176,52.42082259170471,52.869960606566295,53.23300567162143,54.00004186355125,54.24385384925632,53.364464892672096,51.764446749459424,48.60510199332245,44.46932226583202,39.295334956880836,
35.0,33.63281250000005,27.952351670358524,27.30572419831792,33.6215743111705,38.82333506209467,43.21361559243562,47.25242379757444,50.08969400446654,52.21904365882867,53.06244832722131,53.51158634208289,53.86673192961693,54.558662986277646,54.96710523391307,53.94451342411418,52.09627012605852,49.33600578269572,45.24948581435538,40.10554804877528,
35.0,24.19921875000003,25.9268189406224,26.915642424056237,27.408892101497685,27.541340257725306,27.262280977778268,26.760301232299934,25.882778686322965,25.095559816621623,25.215891405801123,24.959241111594476,24.71532406182432,24.579329399961384,23.626211898787336,23.20194125768362,23.891283115135195,23.75437315463132,23.794988229962755,23.90128621088627,
