0.5,28.62890625,30.9125376,32.80386098,34.22911843,35.49445271,36.12746757,36.39628408,36.47215464,36.12364309,35.09766767,33.94570312,32.27169276,30.33194935,27.97573623,25.39380188,19.40873073,16.07116762,12.63831223,8.982842315,5.521289062,4.327109713,4.378623405,6.990496306,10.2571346,13.81344348,17.18678763,20.61526451,23.60277802,26.43835453
0.5,30.26484375,29.69230585,29.6034843,29.56151137,29.51643962,30.46041383,31.76402974,32.52100455,33.38700347,34.37648272,34.76367187,35.0996246,35.38727425,35.54364056,35.69667436,35.18366826,35.96880373,36.2719561,36.26406712,35.78613281,35.09766767,34.48165932,33.73674304,33.41840629,32.93974984,32.13182035,31.50634765,30.80362556,30.9125376
52.5,49.078125,52.87670905,55.60654483,57.95612098,59.78013088,60.5666368,61.21193231,60.7869244,59.93240786,58.41598112,56.43984375,53.73070496,51.94346327,51.01957975,50.65935224,47.66681666,47.7883397,47.26728774,47.40944555,48.05566406,48.31939179,48.16485746,47.41380103,46.32254337,44.98223903,43.71422071,45.50916882,46.80550896,47.58903815
52,49.89609375,53.28345297,56.40663901,58.73405549,60.1537567,61.27501852,61.54280762,61.39479364,60.47973579,59.13716607,57.05332031,54.39610068,52.57537888,51.61480819,51.34336037,48.73557937,48.38356813,48.02558648,47.90849235,48.66914062,49.04057674,48.71218538,48.02167027,46.98429399,45.33642989,44.08784653,45.89813608,47.20555605,48.40252598
51.5,82.61484375,89.48366148,96.8113946,103.0763226,107.9778614,111.9243113,114.8137325,116.1030256,116.3071842,115.3895923,113.0841797,109.790295,105.1507578,99.99837632,96.18864349,87.29653778,83.6721108,79.11583457,73.69257677,68.09589844,62.02190588,59.6587439,57.13970893,53.60180019,52.42024706,59.40650507,66.51340059,72.8085695,78.09483183
51,83.4328125,90.29714931,97.61148878,103.8542571,108.725113,112.632693,115.1446078,116.7108948,116.8545121,115.8703823,113.6976563,110.2893418,105.7826734,100.6786374,96.87265162,88.15154795,84.35237186,79.74775018,74.3579725,68.50488281,62.50269585,60.20607182,57.44364355,54.26355081,53.12862878,60.1537567,66.90236784,73.20861658,78.90831967
50.5,69.93632812,70.36669743,70.80833407,71.18100765,71.36253124,70.8381717,69.48381506,67.47348608,70.33163845,74.52244505,77.91152344,80.34653404,81.89626326,82.48165394,82.25197781,82.55123137,83.07688237,82.65456199,81.34462763,79.54746094,77.16678988,75.25758978,76.28759012,77.09394719,76.50522544,75.47241524,73.51481118,71.60842824,71.18018527
50.5,70.3453125,68.33297785,69.60819282,69.62513863,69.49440215,68.35883569,66.50593727,64.43413986,62.12171956,58.89677109,55.21289062,51.06912205,46.50898901,42.26121856,41.21148992,43.90477194,46.76794811,49.66856707,52.06721564,53.78144531,56.73321623,61.30072768,65.0420091,68.16031382,70.48398084,72.10978288,72.73687667,72.8085695,71.9936731
50,70.3453125,71.18018527,71.60842824,71.5699749,71.36253124,71.19236256,70.14556568,68.08135532,71.15263034,75.24363001,78.525,80.84558083,82.40179575,82.99184973,82.6794829,82.89323544,83.4170129,83.03371136,81.84367442,79.95644531,77.40718486,75.25758978,76.59152474,77.4248225,77.21360715,75.84604106,73.90377843,72.40852241,71.58692918
50,66.66445312,64.67228261,66.00776905,66.51340059,66.50539561,65.87949968,64.1898101,62.61053213,60.47973579,57.93519115,54.80390625,51.06912205,47.0145215,43.28161016,41.89549805,42.87875974,45.74755651,48.1519696,49.90467953,51.12304687,53.60808144,57.74309616,61.39479364,64.1898101,66.5878814,67.99989888,68.84720412,68.80809864,68.33297785
49.5,11.04257812,11.79557356,12.80150672,13.22488667,13.82415527,14.16763434,14.22763832,14.28492723,13.9568621,13.70251409,13.29199219,12.64251881,11.8800135,10.96920965,9.960868415,5.429314544,4.591762178,3.791493669,2.994280772,2.45390625,2.163554856,2.462975666,2.735411598,3.639628408,5.312862878,6.725264725,7.779345098,9.201082958,10.1685979
49.5,71.16328125,74.84088051,79.60936994,84.01692706,87.42844142,89.96447806,91.32158551,91.78825584,91.40376359,89.90772403,87.31816406,83.83986161,79.49498393,74.23348854,68.1443101,66.90454536,66.24042105,64.83454174,62.71354727,60.12070312,57.93519115,56.64844031,58.0515128,61.54280762,64.10854539,66.13176979,67.68030235,68.00800447,69.95995352
49.5,84.25078125,82.56901491,83.20979371,83.23899255,82.57130578,80.75551574,78.41744842,75.07185163,70.87896637,66.3490156,61.14316406,55.06149641,48.53111897,43.87683859,41.85274755,43.26351432,46.51285021,51.31154766,55.39419428,59.09824219,62.02190588,66.77400693,71.42463617,75.10869533,78.27617973,80.70317669,82.8500253,84.00988788,84.60273449
49,71.98125,73.62064876,77.20908743,80.12725451,82.19767997,83.23485175,83.38057807,82.67021718,81.004533,78.3687648,75.04863281,72.19543638,76.33540587,79.59054442,81.99547476,83.49174255,82.56668657,80.75881516,78.18399793,74.84414062,71.39731026,69.2369826,69.29709381,71.46906692,72.60912599,73.23066033,73.12584392,72.00847533,72.40041701
49,85.88671875,84.60273449,85.21002914,85.57279608,84.81306069,83.23485175,80.73357559,77.50332861,73.615606,69.2337554,64.00605469,58.05577718,51.43793078,46.25775231,42.45125466,42.1520011,45.66252388,50.30048268,54.72879855,58.48476562,61.54111592,66.50034297,71.12070154,75.43957064,78.63037059,81.45042833,84.01692706,85.61007622,86.22971015
48.5,14.31445313,15.4562688,16.80197758,17.50352647,17.93403927,18.41792464,18.52901735,18.54001194,18.33548551,17.78922882,17.38183594,16.46854424,15.54512404,14.37051496,13.03890501,5.215562003,4.166599013,3.159578058,2.162536113,1.226953125,1.682764888,1.91564774,3.03934622,4.963129647,6.729626312,8.593393815,10.11314863,11.60136547,13.42254922
48.5,5.72578125,5.694414821,5.600659192,5.445541569,5.230761452,4.958672019,4.632254337,4.255084708,3.83129548,3.365529777,2.862890625,2.328885045,1.769363712,1.190456861,0.598507115,0.598507115,1.190456861,1.769363712,2.328885045,2.862890625,3.365529777,3.83129548,4.255084708,4.632254337,4.958672019,5.230761452,5.445541569,5.600659192,5.694414821
48.5,72.39023437,77.68808792,82.40969954,86.73969784,90.04382214,92.44381407,94.2994633,95.13153668,94.9613951,93.75404378,91.40800781,88.16493383,84.04477634,78.91028335,72.88961651,67.0755474,67.26081264,66.73028858,65.54147911,63.59707031,61.30072093,61.8480556,62.91446675,63.52805948,63.75435453,66.50539561,68.84720412,70.40828699,71.18018527
48.5,87.52265625,86.22971015,86.81021748,87.1286651,86.30756396,84.65161518,82.38795214,78.71906709,74.71026185,69.95494036,64.61953125,58.38847505,51.43793078,46.08768704,42.02374958,41.72449602,45.49245861,50.4268658,55.06149641,59.09824219,62.50269585,67.59499882,72.33644003,76.76307188,80.04713402,82.9449316,85.57279608,87.21026456,87.85668581
48,7.770703125,7.7281344,7.600894618,7.390377843,7.098890543,6.729626312,6.286630886,6.07869244,5.473279257,4.807899681,4.08984375,3.493327567,2.654045568,1.955750557,1.154263722,0.940511181,1.530587393,2.022129957,2.82793184,3.476367187,4.327109713,4.925951331,5.470823196,5.955755577,6.375435453,6.725264725,7.390377843,7.600894618,7.7281344
48,73.20820312,76.46785617,78.80927577,81.29415628,82.9449316,83.23485175,83.04970276,81.75841331,79.90987715,81.25350461,82.61484375,83.17446588,83.66562697,85.54282872,86.52702864,87.3820388,87.24348138,86.19328941,84.3389084,81.59238281,78.12836981,77.17323752,76.59152474,75.77044595,74.02588943,75.09878942,75.45964745,75.20885201,73.62064876
48,2.862890625,3.253951326,3.600423766,3.500705294,3.73625818,3.896099444,3.970503718,3.951150086,4.104959443,4.086714729,4.08984375,3.992374362,3.917876792,3.826468482,3.633793199,3.334539641,3.231240051,3.033194935,3.160629703,3.067382812,3.125134793,3.010303591,3.03934622,3.308753098,3.187717727,3.362632362,3.111738039,3.200376681,3.253951326
48,0.81796875,0.813487832,0.80009417,0.77793451,0.747251636,0.708381717,0.66175062,0.607869244,0.547327926,0.721184952,0.613476563,0.665395727,0.758298734,0.680261063,0.684008132,0.085501016,0.170065266,0.252766245,0.332697864,0.408984375,0.480789968,0.547327926,0.607869244,0.66175062,0.708381717,0.747251636,0.77793451,0.80009417,0.813487832
47.5,33.53671875,36.60695242,44.80527354,52.51057941,59.40650507,65.87949968,71.79994223,76.59152474,80.73086904,83.89784943,86.09121094,87.4995381,87.83627,87.15844875,85.62926796,85.80027,87.49857928,88.21541937,87.9985849,86.90917969,85.09982435,82.37285281,78.71906709,74.44694471,69.42140827,63.51638906,56.78921922,49.60583856,41.89462333
47.5,42.534375,45.96206249,48.80574439,52.12161216,54.92299525,56.67053736,58.23405453,58.96331666,59.11141597,63.2238808,67.0734375,70.36559813,73.68136031,78.65518545,82.7222334,83.57724357,80.35583811,77.09370461,73.35987891,68.709375,63.46427579,61.02706371,58.96331666,56.24880267,52.77443792,49.31860798,46.28710333,45.20532062,43.11485507
47.5,2.044921875,2.440463495,2.800329596,3.111738039,2.989006544,3.187717727,3.308753098,3.647215464,3.557631517,3.605924761,3.476367187,3.326978635,3.28596118,3.146207418,2.949785067,2.65053151,2.550978988,2.401279324,2.328885045,2.249414062,2.40394984,2.462975666,2.735411598,2.647002478,2.47933601,2.615380726,2.722770784,2.400282511,2.440463495
47,74.02617187,72.80716093,73.20861658,74.68171294,75.09878942,76.15103458,77.09394719,78.71906709,79.63621318,80.05152969,82.00136719,83.00811695,83.2864776,84.35237186,85.24451339,83.70549509,81.97145814,82.40179575,82.01002336,80.56992187,78.3687648,78.8152213,79.63087096,79.41007435,78.63037059,76.96691851,74.68171294,73.20861658,74.02739268
46.5,41.71640625,33.75974501,29.20343722,36.56292196,44.08784653,50.64929277,56.57967798,62.30659751,67.04767089,71.15691528,74.43515625,77.0195554,78.61030208,79.42047915,79.34494325,80.67020901,83.50204553,85.30860756,86.33509558,86.50019531,85.8210093,84.28850055,81.75841331,78.41744842,74.02588943,69.12077634,63.01269529,56.40663901,49.62275773
46.5,74.02617187,72.80716093,73.20861658,74.68171294,75.09878942,75.79684372,76.76307188,78.11119785,79.08888526,79.57073972,81.18339844,82.17637229,82.1490295,83.161915,83.96199814,83.49174255,84.1823066,84.80307507,84.50525733,83.63730469,81.97468956,79.36254922,80.84660945,82.38795214,82.88066089,82.57130578,81.29415628,79.20932286,76.46785617
46.5,34.3546875,34.16648893,33.60395515,32.67324941,31.38456871,29.75203211,30.10965319,30.69739682,31.47135573,31.73213789,31.90078125,31.60629703,31.09024809,31.54710681,31.63537608,32.06288116,32.39743314,32.35407931,32.93708849,33.12773437,32.93411281,32.29234761,31.60920069,31.43315443,31.87717727,32.50544617,33.45118392,34.00400224,34.57323284
46,40.8984375,32.94625718,31.20367264,38.89672549,45.95597562,52.42024706,58.56492984,63.82627062,68.68965467,72.59928518,75.86660156,78.18399793,79.62136705,80.18577285,79.90069986,81.18321511,84.09727396,86.06690629,87.16684024,87.11367187,86.30179927,84.56216452,81.75841331,78.41744842,74.02588943,68.74715052,62.62372804,56.00659192,48.8092699
46,74.43515625,72.80716093,74.40875784,75.84861471,76.21966688,76.50522544,75.43957064,75.37578625,76.62590959,79.8111347,82.20585937,83.50716374,83.91839321,83.9272087,82.97873645,80.32820494,80.18577285,80.88519828,80.84558083,80.1609375,78.60915978,76.35224563,78.11119785,80.07182497,81.1097066,81.07680251,80.51622177,78.80927577,76.46785617
46,34.76367188,34.57323284,34.00400224,33.06221667,32.13182035,30.46041383,30.4405285,31.30526606,31.74501969,32.45332285,32.51425781,32.27169276,31.84854682,32.22736788,32.31938421,32.7468893,33.07769421,33.11237804,33.43613528,33.74121094,33.41490278,32.83967554,32.21706993,32.09490505,32.23136812,32.87907199,34.22911843,34.80409641,34.97997676
45.5,74.43515625,72.80716093,74.80880492,76.23758196,77.34054433,77.21360715,76.76307188,76.59152474,78.26789337,81.25350461,83.63730469,85.00430413,85.43499068,85.37276346,84.38950322,83.70549509,84.01224133,83.2864776,82.34272122,82.81933594,82.45547953,81.27819696,79.02300172,78.74832373,80.04713402,80.32955088,79.73828726,78.40922869,76.06111225
45.5,34.3546875,34.16648893,33.60395515,32.67324941,31.38456871,29.75203211,30.10965319,30.69739682,31.47135573,31.73213789,31.90078125,31.60629703,31.09024809,31.54710681,31.63537608,32.06288116,32.39743314,32.35407931,32.93708849,33.12773437,32.93411281,32.29234761,31.60920069,31.43315443,31.87717727,32.50544617,33.45118392,34.00400224,34.57323284
45,72.39023437,70.36669743,70.80833407,72.73687667,74.35153779,74.73427114,74.44694471,75.07185163,75.53125374,77.40718486,78.72949219,80.18018511,80.63243203,80.78100128,80.67020901,81.26871612,81.88642551,81.64349701,81.01192977,81.796875,81.97468956,81.004533,79.32693634,77.09394719,76.15103458,75.84604106,75.45964745,74.80880492,74.02739268
45,0.81796875,0.813487832,0.80009417,0.77793451,0.747251636,0.708381717,0.66175062,0.607869244,0.547327926,0.721184952,0.613476563,0.665395727,0.758298734,0.680261063,0.684008132,0.085501016,0.170065266,0.252766245,0.332697864,0.408984375,0.480789968,0.547327926,0.607869244,0.66175062,0.708381717,0.747251636,0.77793451,0.80009417,0.813487832
45,7.770703125,8.134878316,8.801035873,9.335214118,9.714271269,9.56315318,9.926259294,9.725907903,9.851902662,9.615799362,9.406640625,9.149191247,8.594052317,8.163132761,7.524089447,6.669079282,6.462480102,6.066389871,5.988561543,5.72578125,5.529084633,5.199615294,4.862953952,4.301379028,3.896099444,4.483509816,5.445541569,6.400753362,6.914646569
44.5,74.02617187,74.43413659,75.20885201,75.45964745,74.72516361,74.73427114,74.77782002,76.28759012,77.17323752,78.12836981,79.54746094,81.1782787,81.76988013,81.97145814,81.99547476,81.69622121,81.46126234,81.0115814,80.84558083,79.95644531,78.84955477,79.08888526,78.41513247,77.09394719,75.088462,73.97791197,73.51481118,73.20861658,73.21390484
44.5,31.49179688,31.72602543,32.00376681,31.8953149,32.13182035,31.87717727,32.09490505,32.21706993,32.29234761,32.93411281,33.12773437,32.93708849,32.35407931,31.46207418,30.86586693,30.26735982,30.27161732,30.71109872,30.60820344,30.46933594,30.28976799,29.55570799,28.87378909,28.45527664,27.98107782,28.39556217,29.17254412,30.00353139,30.9125376
44,74.43515625,75.24762442,76.40899326,77.01551647,76.5932927,75.44265286,76.76307188,78.71906709,79.63621318,79.8111347,78.93398437,77.5186022,76.96732149,78.48512019,79.21669173,79.64419681,79.42047915,78.98945144,79.01574259,78.11601562,77.64757985,77.44690148,77.19939398,76.10132126,74.38008029,72.10978288,69.62513863,72.00847533,73.62064876
44,32.30976563,32.53951326,32.4038139,32.67324941,32.50544617,32.58555898,32.42578036,32.52100455,32.83967554,33.41490278,33.74121094,33.43613528,32.98599492,32.14233525,31.50712456,30.95136795,30.95187838,31.34301433,31.27359917,31.0828125,30.77055796,30.10303591,29.48165833,29.11702726,28.68945954,29.14281381,29.95047863,30.80362556,31.72602543
43.5,74.43515625,75.24762442,76.40899326,77.01551647,76.5932927,75.44265286,76.76307188,78.71906709,79.63621318,79.57073972,78.72949219,77.18590434,76.461789,77.97492439,78.61818462,79.0456897,78.91028335,78.61030208,78.68304472,77.91152344,77.40718486,77.44690148,77.19939398,76.10132126,74.38008029,72.10978288,69.62513863,72.00847533,73.62064876
43.5,31.49179688,31.72602543,31.60371973,31.50634765,31.38456871,30.81460469,31.43315443,31.91313531,32.56601158,33.1745078,33.53671875,33.60248422,33.23876117,32.73756368,32.19113269,31.93462964,32.14233525,31.97492994,31.4399481,30.67382812,29.80897802,30.10303591,30.08952758,29.77877788,29.39784126,29.51643962,29.95047863,30.40357847,30.9125376
43,62.98359375,64.67228261,65.60772196,66.12443333,65.75814397,66.5878814,66.83681258,67.7774207,68.41599071,68.27217547,68.30039062,68.20306202,68.49965229,69.13153057,69.04207077,70.88034263,72.78793378,74.31327592,76.02146181,77.29804687,77.88797483,78.54155733,78.71906709,78.41744842,77.21360715,75.09878942,72.34790941,68.80809864,65.07902653
43,30.67382813,32.13276935,32.80386098,33.06221667,33.2526978,32.93974984,33.08753098,33.43280842,33.93433139,34.6168777,34.76367187,34.76692674,34.24982615,33.67292264,33.00339235,32.7468893,33.07769421,33.11237804,33.10343742,32.92324219,32.69371783,32.01868365,31.60920069,31.43315443,31.16879555,31.38456871,31.8953149,32.00376681,31.72602543
42.5,64.21054687,65.07902653,66.40781613,69.23617137,71.36253124,72.60912599,73.45431878,73.2482439,72.52095015,70.91652029,69.93632812,68.20306202,67.61497044,68.28120424,68.27256163,70.11083348,72.02264009,73.42859406,75.18971715,76.27558594,76.92639489,77.44690148,77.80726323,77.4248225,76.15103458,73.97791197,70.79204039,67.60795739,63.45205086
42.5,30.26484375,31.31928152,32.00376681,32.67324941,32.50544617,32.58555898,32.42578036,32.82493917,33.38700347,33.89569275,34.3546875,34.10153101,33.61791053,32.99266157,32.36213472,32.06288116,32.39743314,32.35407931,32.43804169,32.30976562,32.21292786,31.47135573,31.00133144,30.77140381,30.46041383,31.0109429,31.11738039,31.20367264,30.9125376
42,65.02851562,65.89251436,67.2079103,70.01410588,71.73615706,73.31750771,73.78519409,73.85611314,72.79461411,71.39731026,70.54980469,68.70210882,66.22475609,63.60440943,64.16851284,67.16104841,69.64172636,71.91199659,73.8589257,75.253125,76.20520994,76.35224563,75.9836555,74.77782002,72.96331685,70.98890543,68.84720412,66.00776905,64.2655387
42,0.81796875,0.813487832,0.80009417,0.77793451,0.747251636,0.708381717,0.66175062,0.607869244,0.547327926,0.721184952,0.613476563,0.665395727,0.758298734,0.680261063,0.684008132,0.085501016,0.170065266,0.252766245,0.332697864,0.408984375,0.480789968,0.547327926,0.607869244,0.66175062,0.708381717,0.747251636,0.77793451,0.80009417,0.813487832
42,4.498828125,4.88092699,5.200612107,5.445541569,5.978013088,6.021244595,6.617506196,6.990496306,7.662590959,8.173429457,8.793164063,9.149191247,9.352351051,9.523654888,9.576113841,8.849355201,8.673328558,8.467669195,8.151097656,7.770703125,7.211849521,6.841599071,6.07869244,5.624880267,4.958672019,4.857135634,4.667607059,4.800565022,4.474183074
41.5,66.25546875,67.11274611,68.40805156,71.18100765,73.23066033,74.38008029,75.10869533,74.76791701,73.88926997,72.11849521,70.95878906,69.03480668,66.22475609,63.34931153,63.69825725,66.69079282,69.38662847,71.91199659,74.02527463,75.66210937,76.68599991,77.17323752,76.89545936,75.77044595,74.38008029,72.4834087,70.40307314,67.60795739,65.48577044
41.5,31.49179688,31.72602543,31.20367264,31.11738039,31.0109429,30.46041383,30.77140381,31.00133144,31.47135573,32.45332285,32.92324219,33.26978635,33.74429366,33.75795527,33.43089743,32.83239031,32.65253104,31.97492994,31.9389949,31.49179687,30.77055796,30.10303591,30.08952758,30.10965319,30.46041383,31.0109429,31.11738039,31.20367264,31.31928152
41,64.21054687,61.8250752,62.80739237,65.34649882,66.87902143,68.35883569,68.82206444,68.38528995,67.59499882,66.58941058,66.05097656,65.20878125,63.57071052,61.30852834,61.68898336,65.10902402,68.19617161,71.28008098,73.52622784,74.84414062,75.72441997,76.07858167,75.67972087,75.10869533,74.38008029,73.23066033,72.34790941,70.40828699,67.51949002
41,5.72578125,5.694414821,5.600659192,5.834508824,5.60438727,5.312862878,5.294004957,4.862953952,4.652287368,4.086714729,3.680859375,3.160629703,2.780428691,2.210848456,1.624519312,0.812259656,0.680261063,1.263831223,1.663489318,2.249414062,2.644344824,3.010303591,3.647215464,3.970503718,4.250290302,4.857135634,5.056574314,5.200612107,5.694414821
41,32.30976563,32.13276935,32.00376681,31.8953149,31.38456871,31.16879555,31.43315443,31.60920069,32.01868365,32.93411281,33.53671875,33.93518208,34.37620927,34.43821633,34.11490556,33.51639844,33.24775947,32.73322868,32.60439062,32.10527344,31.25134793,30.65036384,30.69739682,30.77140381,31.16879555,31.38456871,31.8953149,32.00376681,32.13276935
40.5,4.9078125,4.88092699,5.200612107,5.056574314,4.857135634,4.604481161,4.301379028,4.255084708,3.83129548,3.365529777,3.067382813,2.661582908,2.148513079,1.700652658,1.19701423,0.47025559,0.340130532,0.884681856,1.330791454,1.840429687,2.40394984,2.736639628,3.343280842,3.639628408,3.896099444,4.109883998,4.667607059,4.800565022,4.88092699
40.5,78.525,73.62064876,68.00800447,62.62372804,57.16475016,57.02472822,58.23405453,58.65938204,58.29042408,57.93519115,58.28027344,58.22212612,57.7570869,60.11807148,61.73173387,65.32277656,67.26081264,69.1315679,74.3579725,79.34296875,83.65745445,87.02514018,89.35677886,90.9907102,91.38124149,90.79107378,89.07350137,86.41017039,82.97575882
40.5,6.54375,6.507902653,6.800800447,7.001410588,6.725264725,6.729626312,6.617506196,6.686561684,6.294271145,6.009874601,5.521289063,4.990467953,4.549792403,3.996533747,3.377290149,3.078036592,3.401305317,3.665110547,3.992374362,4.08984375,4.327109713,4.378623405,4.862953952,5.294004957,5.667053736,5.978013088,6.223476079,6.400753362,6.507902653
40.5,33.53671875,33.3530011,32.80386098,32.67324941,32.13182035,31.87717727,32.42578036,32.52100455,32.56601158,32.45332285,32.71875,32.93708849,33.49152741,34.0980858,34.28590759,34.41415912,34.3531837,33.9970599,33.93518208,33.74121094,33.1745078,32.29234761,32.82493917,32.75665567,32.93974984,33.2526978,33.45118392,33.60395515,33.75974501
40,60.93867187,56.5374043,51.60607398,45.89813608,39.97796253,33.2939407,26.47002478,25.53050825,31.19769176,36.54003757,41.30742187,45.91230517,49.79495019,53.23042821,56.04591628,59.25220439,60.28813674,60.91666495,62.8798962,66.25546875,68.75296544,70.60530241,72.03250541,72.79256816,72.60912599,71.73615706,70.40307314,68.00800447,64.67228261
40,58.48476562,52.87670905,46.40546188,40.45259451,35.86807853,34.00232242,32.09490505,31.60920069,33.1133395,34.6168777,37.6265625,42.58532653,47.0145215,51.52977555,55.36190814,64.04026131,68.79140004,72.79667845,76.18781075,78.72949219,80.53231965,81.27819696,81.15054407,80.40270028,78.27617973,75.84604106,72.73687667,68.80809864,63.85879478
40,33.53671875,33.75974501,34.00400224,33.45118392,32.87907199,32.58555898,33.08753098,33.1288738,32.83967554,32.69371783,32.30976562,32.93708849,33.74429366,34.26815107,34.3286581,34.49966013,34.52324897,34.50259239,34.43422887,34.15019531,33.89569275,33.93433139,34.04067766,34.41103222,34.35651327,33.62632362,33.45118392,34.00400224,33.75974501
39.5,61.75664062,57.35089213,52.80621524,47.4540051,41.4724658,35.41908585,28.45527664,25.83444287,31.47135573,36.54003757,41.51191406,45.74595623,49.66856707,53.06036294,55.78941323,59.08120236,60.20310411,61.04304808,63.21259407,66.66445312,69.2337554,71.15263034,72.64037465,73.45431878,73.31750771,72.4834087,70.79204039,68.40805156,65.48577044
39.5,62.98359375,56.94414821,50.00588564,43.9532998,38.48345926,36.48165843,34.08015691,32.82493917,33.93433139,34.85727269,40.28496094,45.5796073,50.17409956,54.25081981,57.79868711,66.60529181,71.85257482,76.33540587,79.84748724,82.61484375,84.3786394,85.3831564,85.40562878,85.03495462,83.58904261,81.07680251,77.79345098,73.60866367,68.73972177
39.5,33.53671875,33.75974501,34.00400224,33.45118392,32.87907199,32.58555898,33.08753098,33.1288738,32.83967554,32.69371783,32.10527344,32.60439062,33.36514429,33.67292264,33.73015098,33.08889336,33.75795527,34.12344302,34.10153101,33.74121094,33.65529777,33.93433139,34.04067766,34.41103222,34.35651327,33.99994944,34.22911843,34.00400224,33.75974501
39,56.03085937,56.5374043,56.40663901,55.62231745,55.29662107,54.89958307,55.25617674,57.13970893,58.83775201,61.06032595,62.98359375,64.21068766,64.70815862,64.53976839,63.65550674,64.21126335,65.64519262,66.47752233,66.87227057,66.66445312,65.62783064,64.0373673,62.00266288,59.88843108,57.02472822,56.79112434,57.17818647,56.80668609,56.13066038
39,33.53671875,33.75974501,34.00400224,33.45118392,33.62632362,33.64813156,33.7492816,33.1288738,32.83967554,32.93411281,33.12773437,33.26978635,33.74429366,34.26815107,34.3286581,34.3286581,34.3531837,34.50259239,34.43422887,34.3546875,34.37648272,34.75532328,34.95248153,34.74190753,35.06489499,35.49445271,35.3960202,35.20414349,34.57323284
38.5,32.30976563,31.31928152,30.00353139,28.39460961,26.52743308,24.43916924,22.16864576,19.45181581,16.41983777,13.46211911,10.22460938,6.820306202,3.538727425,1.360522127,4.788056921,11.07238163,13.86031917,16.4298059,19.29647608,22.08515625,24.52028837,26.54540439,28.56985447,30.10965319,31.16879555,32.13182035,32.67324941,32.80386098,32.94625718
38.5,56.03085937,56.13066038,55.20649775,54.84438294,54.54936943,55.25377393,56.24880267,57.74757818,59.11141597,60.09874601,62.37011719,64.21068766,65.46645736,65.90029052,65.70753113,66.22053723,68.28120424,69.63710039,70.1992492,69.93632812,68.99336042,67.32133486,65.0420091,62.53543355,59.50406423,59.03287925,58.73405549,58.00682735,56.5374043
38.5,35.58164063,36.20020851,36.00423766,35.3960202,35.49445271,35.77327671,35.73453346,35.25641615,34.75532328,34.6168777,34.3546875,34.43422887,34.62897551,34.77834687,34.62791166,33.90115302,33.58789001,34.12344302,34.26787994,34.3546875,34.85727269,35.57631517,36.16822002,36.06540877,36.48165843,36.98895598,37.34085647,37.20437892,36.60695242
38,56.03085937,56.5374043,56.00659192,55.62231745,55.29662107,55.96215564,56.91055329,58.35544742,59.6587439,60.57953598,62.57460937,64.54338552,65.59284048,66.07035578,65.79303215,66.47704028,67.51591054,67.74135356,67.53766629,66.45996094,64.90664569,62.94271145,61.09085902,58.56492984,57.37891908,56.0438727,56.40025196,56.80668609,56.94414821
38,36.39960938,35.38672067,34.40404932,34.61808569,35.12082689,35.41908585,35.07278284,34.95248153,34.75532328,35.09766767,35.37714844,35.43232246,35.00812488,35.1184774,34.75616318,33.90115302,33.75795527,33.74429366,33.43613528,33.74121094,33.65529777,33.66066743,34.34461228,35.07278284,35.41908585,36.24170435,36.95188922,37.20437892,37.01369634
37.5,56.03085937,56.5374043,56.00659192,55.62231745,55.29662107,57.37891908,59.55755577,61.39479364,62.12171956,62.50269585,62.57460937,64.21068766,65.21369111,65.56015998,65.15177453,65.87853317,67.00571474,67.36220419,66.87227057,66.05097656,64.66625071,62.94271145,61.09085902,58.56492984,57.37891908,56.0438727,56.40025196,56.80668609,56.94414821
37.5,36.39960938,35.38672067,34.40404932,34.61808569,35.12082689,35.41908585,35.07278284,34.95248153,34.75532328,34.85727269,35.17265625,35.0996246,34.62897551,34.52324897,34.15765607,32.7896398,33.24775947,33.23876117,33.10343742,33.53671875,33.65529777,33.66066743,34.34461228,35.07278284,35.41908585,36.24170435,36.95188922,37.20437892,37.01369634
37,31.49179688,28.47207411,24.80291928,28.78357686,33.62632362,38.25261272,42.35203966,45.89412792,49.25951331,51.68492157,53.78144531,55.22784534,55.98772318,56.291603,55.87491424,56.38792034,57.22696196,57.50432065,57.39038146,56.64433594,55.29084633,53.09080879,50.45314725,47.3151693,44.27385731,40.35158835,38.89672549,36.80433183,34.16648893
37,32.71875,31.31928152,30.00353139,28.78357686,29.51643962,31.87717727,33.7492816,35.56035077,36.67097102,37.50161751,38.24003906,38.7593011,38.92600167,38.94494588,40.86948586,44.7170316,45.66252388,46.63537213,47.07674769,47.03320312,46.6366269,45.42821783,44.07052019,42.68291497,40.73194873,38.10983344,36.17395471,35.20414349,34.16648893
37,34.76367188,34.97997676,34.80409641,35.3960202,35.86807853,36.48165843,36.72715939,36.47215464,36.12364309,35.33806265,34.76367187,34.26787994,33.87067678,33.67292264,33.00339235,33.38814692,32.99266157,32.60684556,32.60439062,32.92324219,33.41490278,33.38700347,34.04067766,35.07278284,35.77327671,36.24170435,36.56292196,36.40428475,35.79346459
36.5,30.67382813,27.25184236,23.20273094,28.00564235,32.87907199,37.544231,41.69028904,45.28625868,48.43852142,50.96373662,53.16796875,54.56244962,55.48219069,55.7814072,55.44740916,56.04591628,56.88683143,57.25155441,56.89133466,55.82636719,54.32926639,51.99615294,49.54134338,46.32254337,43.21128474,41.4724658,39.28569275,37.20437892,34.16648893
36.5,34.3546875,32.13276935,30.80362556,31.50634765,32.87907199,33.64813156,34.41103222,36.47215464,39.13394669,41.34793726,43.14785156,44.58151371,45.37154091,45.74755651,46.68355498,49.46233801,50.67944922,51.31154766,51.40181991,50.91855469,50.00215668,48.43852142,47.10986641,45.99166806,44.62804817,42.59334326,40.45259451,38.40452017,36.60695242
36.5,8.588671875,11.79557356,15.60183632,18.67042824,21.67029745,24.7933601,27.1317754,29.48165833,31.47135573,33.41490278,34.76367187,35.93136926,36.52472235,36.81913006,36.67993605,36.08142894,35.6286732,34.88174176,33.60248422,32.30976562,30.53016297,28.7347161,26.44231211,23.82302231,21.25145151,18.30766508,15.16972294,13.20155381,10.98208573
36.5,34.3546875,34.16648893,34.00400224,34.61808569,35.49445271,35.77327671,36.06540877,36.16822002,35.57631517,34.85727269,34.15019531,33.60248422,33.23876117,32.99266157,32.36213472,32.70413879,32.31240051,31.97492994,31.9389949,32.30976562,32.69371783,32.83967554,33.73674304,34.74190753,35.41908585,35.86807853,35.78498745,36.00423766,35.38672067
36,31.49179688,27.65858627,25.20296636,30.72841314,35.86807853,40.37775787,44.66816682,48.3256049,51.44882501,54.08887141,56.23535156,57.55673039,58.38900251,58.58748408,58.05519016,58.56819626,59.52284305,59.90559997,59.7192665,59.09824219,57.69479617,55.55378446,53.18855885,49.96217178,46.39900246,44.08784653,41.61949628,38.40452017,35.38672067
36,32.71875,30.50579369,29.20343722,29.95047863,31.0109429,32.23136812,33.08753098,34.95248153,38.03929083,40.38635732,42.534375,44.08246692,45.24515779,45.91762178,47.11106006,50.36009868,51.10461239,51.31154766,51.06912205,50.30507812,49.04057674,47.34386557,45.89412792,44.66816682,43.21128474,41.09883998,38.89672549,36.80433183,34.97997676
36,8.99765625,12.60906139,16.00188341,19.44836275,22.41754908,25.14755095,27.79352602,30.08952758,32.01868365,33.89569275,35.37714844,36.43041605,37.15663796,37.49939112,37.32119368,36.76543707,36.30893426,35.51365737,34.43422887,33.12773437,31.25134793,29.28204402,27.05018136,24.48477293,21.60564237,18.6812909,15.94765745,14.00164798,11.38882964
36,29.446875,30.50579369,31.60371973,31.8953149,32.13182035,31.87717727,31.43315443,31.00133144,30.65036384,30.53016297,30.67382812,30.60820344,30.45833248,30.44168259,30.01085677,30.95136795,31.54710681,32.10131307,32.43804169,32.51425781,32.45332285,31.74501969,31.60920069,31.76402974,31.52298641,31.0109429,30.33944588,30.00353139,29.69230585
35.5,54.80390625,55.31717255,55.60654483,56.40025196,59.03287925,60.92082766,62.20455824,62.91446675,63.21637541,63.46427579,62.98359375,62.8798962,62.55964554,62.92414836,64.5105169,66.51979079,66.92068211,66.8566717,66.37322377,65.64199219,64.66625071,62.94271145,60.7869244,58.23405453,57.37891908,57.53837598,57.17818647,56.40663901,55.72391646
35.5,8.588671875,11.79557356,15.60183632,18.67042824,21.67029745,24.7933601,27.1317754,29.48165833,31.47135573,33.41490278,34.76367187,35.93136926,36.52472235,36.81913006,36.67993605,36.08142894,35.6286732,34.88174176,33.60248422,32.30976562,30.53016297,28.7347161,26.44231211,23.82302231,21.25145151,18.30766508,15.16972294,13.20155381,10.98208573
35.5,30.26484375,31.31928152,32.00376681,32.67324941,32.50544617,32.58555898,32.09490505,31.60920069,30.9240278,30.77055796,30.67382812,30.60820344,30.20556623,30.01651942,29.49785067,30.43836185,31.12194365,31.97492994,32.27169276,32.51425781,32.69371783,32.29234761,32.21706993,32.42578036,32.23136812,31.75819453,31.11738039,30.40357847,30.50579369
35,51.94101562,52.87670905,52.80621524,53.67748118,56.41749852,58.44149165,59.88843108,60.7869244,61.30072768,62.02190588,61.96113281,62.21450048,62.18049618,62.83911573,64.85252097,66.86179485,66.83564948,66.47752233,65.54147911,64.61953125,63.2238808,61.30072768,58.96331666,56.24880267,53.83701049,53.05486616,52.89954667,52.00612107,52.06322122
35,27.40195313,27.25184236,27.20320179,27.22770784,27.64831053,27.98107782,28.12440133,27.96198522,27.36639628,26.92423821,25.97050781,25.61773549,26.16130632,26.36011621,26.93282018,27.61682831,28.91109519,29.95279999,30.60820344,31.28730469,31.49174291,31.47135573,31.30526606,30.77140381,29.75203211,28.76918799,28.00564235,28.00329596,28.06533019
34.5,51.94101562,56.13066038,59.2069686,61.84579353,63.89001488,65.17111796,65.84418665,65.64987835,64.58469523,63.2238808,62.37011719,63.8779898,65.46645736,66.58055158,67.41755146,68.1443101,68.02610634,67.61497044,66.5395727,65.4375,63.94506576,61.8480556,59.26725129,56.24880267,53.83701049,52.68124034,52.12161216,50.80597981,50.84298948
34.5,2.044921875,2.033719579,2.000235426,1.944836275,1.86812909,1.770954293,1.654376549,1.51967311,1.641983777,1.682764888,1.6359375,1.663489318,1.516597468,1.530587393,1.453517279,1.581768804,1.785685291,2.022129957,2.162536113,2.249414062,2.40394984,2.462975666,2.735411598,2.647002478,2.47933601,2.615380726,2.722770784,2.400282511,2.440463495
34.5,26.58398438,26.84509844,26.8031547,27.22770784,28.02193635,28.68945954,28.78615195,28.87378909,28.46105213,27.88581815,27.19746094,26.94852694,27.42513754,27.72063833,28.30083644,28.98484457,28.99612783,28.81535189,28.44566733,28.83339844,29.32818805,29.55570799,29.48165833,29.11702726,28.33526868,27.27468472,26.83874059,27.20320179,27.25184236
34,50.7140625,54.0969408,57.20673318,59.90095726,61.64825997,62.69178195,62.86630886,62.61053213,61.8480556,60.33914099,59.71171875,61.05005796,62.93879491,64.19963786,65.15177453,64.29676436,62.58401783,60.79028183,58.38847505,55.41738281,52.64650151,50.35416916,48.02167027,45.66079275,43.21128474,40.35158835,42.78639804,45.20532062,47.58903815
34,4.498828125,4.067439158,4.000470851,3.500705294,3.362632362,3.187717727,2.647002478,2.127542354,2.189311703,2.163554856,2.249414063,2.162536113,2.274896202,2.210848456,2.137525411,2.265776936,2.465946355,2.654045568,2.994280772,3.271875,3.605924761,3.83129548,4.255084708,4.301379028,4.250290302,4.483509816,4.667607059,4.400517937,4.474183074
34,22.08515625,22.37091537,22.80268385,22.94906804,23.16480072,23.37659666,23.82302231,24.31476976,24.35609269,24.52028837,24.33457031,24.45329297,24.64470885,24.65946355,24.41054019,24.53879172,24.91456145,25.02385822,25.28503763,25.76601562,26.20305326,26.27174043,26.44231211,26.47002478,26.21012353,25.40655563,24.50493706,23.60277802,22.37091537
33.5,50.7140625,54.50368472,57.60678026,59.90095726,61.64825997,63.04597281,63.52805948,63.21840137,62.39538353,61.06032595,60.32519531,62.71354727,64.45539238,65.64519262,66.60529181,65.62203012,63.77447469,61.92772993,59.38656864,56.23535156,53.36768646,50.90149709,48.3256049,45.99166806,42.85709388,39.97796253,42.00846353,44.00517937,46.77555032
33.5,2.044921875,2.033719579,2.000235426,1.944836275,1.86812909,1.770954293,1.654376549,1.51967311,1.641983777,1.682764888,1.6359375,1.663489318,1.516597468,1.530587393,1.453517279,1.581768804,1.785685291,2.022129957,2.162536113,2.249414062,2.40394984,2.462975666,2.735411598,2.647002478,2.47933601,2.615380726,2.722770784,2.400282511,2.440463495
33.5,38.44453125,40.67439158,42.40499103,43.9532998,45.20872398,46.04481161,46.98429399,47.71773565,47.8911935,47.83860182,47.03320312,46.24500303,45.49792403,44.21696912,42.45125466,37.74869876,35.20351003,32.8596118,30.10915665,26.99296875,25.24147332,24.62975666,27.05018136,29.44790257,31.87717727,33.62632362,35.00705294,36.00423766,36.60695242
33,48.66914063,51.24973339,53.20626232,54.45541569,55.67024689,55.60796478,55.25617674,54.40429733,52.81714483,50.96373662,50.10058594,52.23356457,53.8392101,55.10114613,56.13141729,53.86564036,50.59441659,46.76175525,42.4189776,39.2625,37.50161751,35.57631517,33.1288738,32.75665567,35.77327671,38.48345926,40.84156177,43.2050852,45.96206249
33,22.49414063,24.40463495,26.00306053,28.39460961,31.0109429,33.2939407,35.40365815,36.77608926,38.03929083,38.70359243,39.05800781,39.09199896,38.5468523,37.49939112,36.16692995,33.25989539,31.71717208,29.82641686,27.7802716,25.56152344,23.31831345,21.07212514,18.84394656,16.8746408,14.87601606,14.94503272,17.11455922,19.20226009,21.15068362
33,36.39960938,38.23392809,39.60466143,40.84156177,41.09883998,41.7945213,42.02116435,43.15871632,44.05989802,44.71346703,44.78378906,44.58151371,43.98132656,43.19657753,42.28025263,38.68920994,36.47899952,34.24982615,31.77264597,28.83339844,27.40502818,26.81906836,28.26591984,30.4405285,31.87717727,33.62632362,34.61808569,35.60419058,36.20020851
32.5,47.85117188,50.84298948,52.80621524,54.45541569,55.29662107,55.96215564,55.58705205,54.70823196,53.36447275,51.68492157,50.7140625,52.73261137,54.47112572,55.7814072,56.81542542,55.96041526,54.08075454,51.5643139,48.57388807,45.19277344,41.82872722,38.03929083,34.04067766,30.10965319,32.93974984,36.61533017,39.67466,42.40499103,45.14857465
32.5,2.862890625,3.253951326,3.600423766,3.889672549,4.109883998,4.250290302,4.301379028,4.55901933,4.378623405,4.567504697,4.498828125,4.325072226,4.170643036,3.911501115,3.676543707,2.180275919,2.295881089,2.401279324,2.495233976,2.45390625,2.644344824,2.462975666,2.431476976,2.316127169,2.47933601,2.241754908,2.333803529,2.400282511,2.847207411
32.5,35.58164063,37.42044025,38.80456726,40.06362726,40.72521417,41.08613959,41.35941373,42.55084708,43.51257009,43.99228208,44.1703125,43.91611798,43.34941095,42.51631646,41.5962445,38.00520181,35.79873846,33.61791053,31.10725024,29.446875,29.32818805,29.00838006,28.26591984,29.77877788,31.52298641,32.87907199,34.22911843,35.20414349,35.38672067
32,3.680859375,3.660695242,4.000470851,3.889672549,4.109883998,4.250290302,3.970503718,3.951150086,4.104959443,4.327109713,4.294335938,4.325072226,4.423409281,4.336664279,4.232300314,4.232300314,4.336664279,4.423409281,4.657770089,4.703320312,4.807899681,4.925951331,4.862953952,4.963129647,4.958672019,4.857135634,4.667607059,4.400517937,4.067439158
32,30.67382813,30.9125376,31.60371973,33.06221667,33.62632362,34.35651327,34.41103222,34.04067766,33.66066743,32.93411281,32.30976562,31.4399481,30.20556623,29.50632362,28.55733949,28.42908797,29.25122573,29.82641686,30.44185451,30.67382812,30.77055796,30.37669987,29.78559295,29.44790257,29.39784126,29.89006544,30.33944588,30.80362556,30.9125376
31.5,8.588671875,7.321390484,6.400753362,5.056574314,3.73625818,2.47933601,3.308753098,5.166888574,6.841599071,8.173429457,9.611132813,10.9790295,12.25916286,13.26509074,14.23591924,15.64668601,16.15620026,16.4298059,16.63489318,16.56386719,16.34685891,15.87250984,15.50066572,14.88938894,14.16763434,13.07690363,12.0579849,11.20131838,9.761853979
31.5,32.30976563,32.53951326,34.00400224,35.3960202,36.61533017,37.544231,38.05066063,37.99182775,37.49196291,37.02082754,36.19511719,35.26597353,34.12344302,33.33279211,32.14838218,30.60936388,30.27161732,30.20556623,30.27550558,30.06035156,29.56858304,28.7347161,28.26591984,28.12440133,28.68945954,29.51643962,30.33944588,31.20367264,32.13276935
31,2.044921875,2.440463495,2.400282511,2.722770784,2.615380726,2.833526868,2.977877788,3.343280842,3.557631517,4.086714729,4.294335938,4.491421157,4.549792403,4.676794811,4.788056921,4.146799297,4.166599013,4.170643036,4.158723294,3.885351562,3.846319745,3.557631517,3.343280842,2.977877788,2.833526868,2.615380726,1.944836275,2.000235426,2.033719579
31,29.446875,29.28556194,28.80339013,30.33944588,32.13182035,33.2939407,34.41103222,35.25641615,35.57631517,35.57845764,35.17265625,34.43422887,33.36514429,31.88723735,30.09635779,29.58335169,29.67638889,29.95279999,30.44185451,30.67382812,30.53016297,29.82937195,29.17772371,28.45527664,27.2726961,27.64831053,28.39460961,29.20343722,29.69230585
30.5,1.6359375,1.626975663,2.000235426,1.944836275,1.86812909,2.125145151,2.647002478,3.03934622,0,0,0,0,0,0,0,0,0,0,0,0,0,0,0.303934622,0.33087531,0.708381717,0.747251636,1.166901765,1.200141255,1.220231747
30.5,29.446875,30.09904977,30.80362556,33.06221667,35.49445271,37.544231,39.70503718,41.03117397,42.14425028,42.54991218,42.534375,42.25262867,41.32728099,40.05037011,38.30445536,36.50893402,35.1184774,35.38727425,35.26597353,34.76367187,33.89569275,32.83967554,31.30526606,29.44790257,27.2726961,25.03292981,25.67183882,27.20320179,28.47207411
30,27.40195313,28.06533019,28.00329596,28.39460961,30.26369126,31.87717727,33.08753098,34.04067766,34.75532328,34.85727269,34.76367187,34.76692674,34.75535863,34.43821633,33.77290149,32.06288116,31.03691102,31.7221637,32.10534383,32.10527344,31.73213789,30.9240278,30.08952758,29.11702726,27.62688696,25.78018144,24.50493706,26.00306053,26.84509844
29.5,31.49179688,32.13276935,32.4038139,32.28428216,34.37357526,35.77327671,36.72715939,37.68789313,37.76562687,37.74201249,37.21757812,36.59676499,36.2719561,35.45860793,34.28590759,32.40488523,31.80220471,31.84854682,32.77073956,33.33222656,33.41490278,33.1133395,32.82493917,32.09490505,30.81460469,29.51643962,28.39460961,29.6034843,30.9125376
29,29.446875,30.09904977,30.00353139,29.56151137,29.51643962,29.75203211,30.4405285,30.69739682,30.65036384,31.01095294,30.87832031,30.60820344,30.45833248,29.93148679,29.1130961,29.32684864,28.99612783,28.3098194,27.61392267,26.58398437,26.92423821,26.81906836,26.74624673,26.80090009,26.56431439,27.64831053,28.39460961,29.20343722,29.69230585
28.5,30.67382813,32.13276935,32.80386098,33.45118392,33.99994944,34.71070413,35.73453346,36.47215464,37.21829895,37.74201249,37.83105469,37.59485858,37.53578733,36.98919532,36.08142894,37.02194012,37.49939112,37.53578733,37.26216071,36.39960937,35.33806265,34.20799535,33.73674304,32.75665567,31.87717727,30.26369126,28.39460961,28.80339013,30.09904977
28,28.62890625,30.09904977,31.20367264,31.8953149,32.50544617,32.58555898,33.7492816,34.64854691,35.02898724,35.33806265,35.78613281,35.93136926,35.89280674,35.3735753,34.58516115,34.58516115,35.3735753,35.89280674,36.09771819,35.990625,35.33806265,34.48165932,34.04067766,33.7492816,32.93974984,32.13182035,30.72841314,29.20343722,27.25184236
27.5,28.62890625,30.50579369,32.00376681,33.06221667,33.99994944,34.35651327,35.73453346,36.77608926,37.49196291,37.98240748,38.44453125,38.59295217,38.67323543,38.17965218,37.36394418,37.10744113,37.66945639,37.78855357,37.92755644,37.83105469,37.50161751,36.94463498,35.56035077,34.08015691,32.23136812,30.63731708,29.56151137,28.40334305,26.84509844
27,28.62890625,30.9125376,32.4038139,33.84015118,35.12082689,35.41908585,36.06540877,36.16822002,36.39730706,36.05924761,35.990625,35.5986714,34.75535863,34.01305317,32.83239031,32.40488523,33.16272684,33.49152741,33.93518208,34.15019531,34.13608773,33.66066743,33.1288738,32.09490505,30.81460469,29.14281381,27.6166751,26.40310762,26.84509844
26.5,35.58164063,35.79346459,35.60419058,35.78498745,36.61533017,37.544231,38.05066063,38.59969699,39.68127461,40.6267523,41.71640625,42.4189776,42.59111222,42.68638173,42.36575365,40.95498687,39.96533747,39.17876792,38.42660324,37.42207031,37.02082754,36.67097102,36.16822002,36.06540877,35.06489499,35.49445271,36.17395471,36.40428475,36.20020851
26,36.39960938,36.60695242,36.40428475,36.95188922,37.73620762,38.96099444,39.37416187,39.81543548,39.68127461,39.42477738,40.08046875,40.58913935,41.07451475,41.49592487,41.42524246,40.27097874,39.28507641,38.5468523,37.76120751,37.01308594,36.29964259,36.12364309,35.86428539,35.73453346,35.06489499,35.86807853,36.56292196,36.80433183,36.60695242
25.5,36.80859375,37.42044025,37.604426,36.95188922,36.98895598,38.60680358,39.37416187,40.1193701,40.22860254,40.38635732,41.30742187,41.9199308,42.59111222,43.19657753,43.30626483,41.93824856,41.8360554,42.08557973,42.25262867,41.92089844,41.10754227,40.22860254,40.42330472,40.3667878,40.02356701,39.60433671,39.28569275,38.80456726,37.82718417
25,37.6265625,38.640672,38.80456726,38.89672549,38.85708507,38.25261272,38.38153594,38.90363161,39.68127461,40.14596234,40.48945312,40.75548828,41.20089787,41.3258596,40.99773738,39.28771705,39.20004378,39.43153416,39.75739469,39.46699219,38.94398741,38.3129548,38.59969699,39.04328656,38.96099444,38.85708507,38.89672549,38.40452017,38.23392809
24.5,38.44453125,38.640672,38.80456726,38.50775824,38.10983344,38.25261272,38.38153594,37.99182775,38.3129548,38.94398741,39.2625,39.59104576,40.18983289,40.39050064,40.18547773,38.43270689,38.26468482,38.42046918,38.59295217,39.46699219,40.6267523,41.32325839,41.94297783,42.02116435,41.7945213,41.84609162,41.61949628,40.80480268,39.86090375
24,38.85351563,39.04741592,38.80456726,38.50775824,38.10983344,37.89842186,37.71978532,37.08002388,37.21829895,37.50161751,37.83105469,37.92755644,38.04131981,38.51978271,38.56095841,38.64645943,39.37010904,39.6843004,40.58913935,41.71640625,42.79030716,43.51257009,43.76658557,43.67554089,43.5654756,43.34059489,42.78639804,42.00494394,40.67439158
23.5,40.48945313,38.640672,38.00447309,37.72982373,37.3625818,37.19004014,37.38891001,37.08002388,36.67097102,36.54003757,36.60410156,36.59676499,36.77748859,37.41435849,37.66319774,38.17620384,39.79527221,40.94813163,42.08627973,42.73886719,43.03070214,43.23890613,43.76658557,44.33729151,44.27385731,44.46147235,43.9532998,43.2050852,42.30136724
23,40.48945313,38.640672,38.00447309,37.72982373,37.3625818,37.19004014,37.38891001,37.08002388,36.94463498,36.78043256,36.80859375,36.59676499,36.2719561,36.90416269,37.06469063,38.4754574,39.79527221,41.32728099,42.4189776,43.14785156,43.27109713,43.23890613,43.76658557,44.33729151,44.27385731,44.46147235,43.9532998,43.2050852,42.30136724
22.5,32.71875,29.69230585,26.00306053,21.78216627,17.56041345,13.45925262,16.8746408,20.36361967,23.26143684,26.20305326,28.62890625,30.94090131,32.73322868,34.26815107,35.39742081,38.38995638,40.22043537,41.58004724,42.58532653,43.55683594,44.47307205,44.8808899,44.98232405,44.66816682,43.91966645,42.59334326,40.84156177,38.40452017,35.79346459
22.5,27.40195313,25.21812278,22.40263677,21.00423176,20.54941999,20.54306979,20.51426921,20.05968505,19.97746929,20.43357364,21.06269531,21.79171006,22.36981265,24.06423512,25.4793029,27.95883238,30.35664995,32.48046243,34.26787994,35.58164062,36.54003757,37.21829895,37.3839585,37.0580347,36.48165843,35.49445271,33.84015118,32.00376681,30.09904977
22,38.85351563,37.82718417,36.40428475,35.3960202,35.86807853,36.48165843,36.72715939,36.47215464,36.39730706,36.05924761,36.60410156,36.92946285,37.4094042,37.32932585,37.4494452,38.73196045,39.54017431,39.93706665,40.09009255,39.87597656,39.42477738,39.95493857,40.42330472,40.69766311,41.44033044,41.84609162,41.61949628,41.20484977,40.26764766
21.5,38.44453125,37.42044025,35.60419058,35.00705294,35.49445271,36.12746757,36.39628408,36.47215464,36.67097102,37.02082754,37.21757812,37.42850965,37.28302108,37.58442375,37.74869876,37.53494622,38.51978271,39.05238479,39.25834789,38.85351562,38.22280246,38.86028272,39.51150086,39.70503718,40.37775787,40.72521417,40.84156177,40.4047556,39.86090375
21,36.39960938,36.20020851,35.60419058,35.3960202,35.86807853,36.48165843,36.72715939,37.3839585,38.03929083,38.22280246,38.44453125,38.59295217,38.42046918,38.51978271,38.56095841,37.57769672,37.58442375,38.04131981,38.92565003,39.2625,39.66517237,39.68127461,39.81543548,40.03591249,40.02356701,39.23071089,38.50775824,38.00447309,37.42044025
20.5,36.39960938,35.79346459,35.20414349,35.3960202,35.49445271,36.12746757,36.39628408,37.08002388,37.49196291,37.98240748,38.64902344,39.25834789,39.93706665,40.30546801,40.14272722,38.86021197,38.77488061,39.05238479,39.75739469,40.28496094,40.38635732,40.22860254,40.42330472,40.3667878,39.66937615,38.85708507,37.72982373,37.20437892,36.60695242
20,36.80859375,36.20020851,35.20414349,35.00705294,35.12082689,35.06489499,35.40365815,35.56035077,35.84997913,36.29964259,36.80859375,37.42850965,38.04131981,38.26468482,38.09070282,38.51820791,39.79527221,40.94813163,41.75358187,42.12539062,42.30951719,41.87058631,41.33510859,40.69766311,39.31518529,38.10983344,37.34085647,37.604426,37.42044025
19.5,37.6265625,37.01369634,36.00423766,36.17395471,36.24170435,36.83584928,37.0580347,37.3839585,38.03929083,38.46319745,38.44453125,39.09199896,39.30515104,39.11501115,39.15946553,40.01447569,41.41089223,42.71749534,43.41707119,43.96582031,44.23267706,43.78623405,43.15871632,42.35203966,41.08613959,39.60433671,38.50775824,38.80456726,38.23392809
19.5,11.04257812,12.20231747,13.20155381,14.00282118,14.5714069,15.23020692,15.55113956,15.50066572,15.59884588,15.38527898,14.92792969,14.47235706,13.77576033,13.00999284,12.01289281,10.73037756,10.45901385,9.984266662,9.48188911,8.99765625,8.654219426,8.209918885,7.59836555,7.279256816,6.729626312,5.978013088,7.390377843,8.400988788,9.761853979
19.5,55.621875,53.69019689,51.2060269,49.78780863,48.57135634,47.10738418,45.66079275,43.76658557,41.59692235,39.42477738,38.24003906,37.09581178,35.76642361,34.18311844,35.95317741,45.05903566,49.40395973,53.20729449,56.5586368,59.09824219,61.06032595,62.39538353,63.21840137,63.52805948,63.04597281,62.02188579,60.28992451,59.2069686,57.75763604
19.5,0.81796875,0.813487832,1.200141255,1.166901765,1.120877454,1.062572576,0.992625929,1.215738488,0,0,0,0,0,0,0,0,0,0,0,0,0,0,0.303934622,0.33087531,0.354190859,0.373625818,0.77793451,0.80009417,0.813487832
1,29.446875,31.72602543,33.60395515,35.00705294,36.24170435,36.83584928,37.0580347,37.08002388,36.39730706,35.57845764,34.55917969,32.93708849,30.96386497,28.6559973,26.07781001,20.09273886,16.75142869,13.27022784,9.814586974,6.339257812,4.807899681,4.925951331,7.294430928,10.58800991,14.16763434,17.93403927,21.00423176,24.00282511,26.84509844
19,37.6265625,37.42044025,36.80433183,36.56292196,36.24170435,36.48165843,36.72715939,36.77608926,36.94463498,37.26122253,37.01308594,37.42850965,37.53578733,37.24429322,37.19294215,35.56842284,35.28854266,35.00812488,35.43232246,35.37714844,35.09766767,34.75532328,35.25641615,35.40365815,35.41908585,36.24170435,37.34085647,38.00447309,37.82718417
1,30.67382813,30.50579369,30.40357847,30.33944588,30.26369126,30.81460469,32.09490505,33.1288738,33.93433139,34.85727269,35.37714844,35.76502033,36.01918986,36.22390163,36.38068249,36.20968046,36.56403216,36.90387171,36.76311392,36.39960937,35.57845764,34.75532328,34.34461228,33.7492816,33.2939407,32.87907199,32.28428216,31.60371973,31.31928152
19,10.63359375,11.79557356,12.80150672,13.61385392,14.5714069,14.87601606,15.22026425,15.50066572,15.59884588,15.38527898,15.13242188,14.63870599,14.02852658,13.26509074,12.31214637,10.9441301,10.54404648,9.984266662,9.648238042,8.99765625,8.413824442,7.662590959,7.294430928,6.617506196,6.021244595,5.60438727,6.612443333,8.000941703,9.355110063
19,41.30742188,40.67439158,39.20461434,37.72982373,35.49445271,33.2939407,30.4405285,27.05018136,23.80876477,19.95278368,15.95039063,11.97712309,8.088519828,4.251631646,4.146799297,9.747115874,13.9453518,17.94640337,21.79171006,25.35703125,28.84739809,31.74501969,34.34461228,36.72715939,38.60680358,39.97796253,41.23052902,41.60489685,41.89462333
19,56.03085937,53.69019689,50.80597981,49.00987412,47.45047889,45.69062075,43.34466558,41.33510859,38.86028272,36.29964259,34.76367187,33.26978635,31.21663121,28.99612783,26.41981408,28.94209406,34.01305317,39.05238479,43.74976905,47.85117187,51.44452659,54.4591286,56.83577431,58.89580515,59.85825509,60.52738252,60.28992451,59.60701569,58.16437996
19,6.54375,7.321390484,8.400988788,9.335214118,10.08789709,10.62572576,11.24976053,11.85345026,12.04121436,12.26014419,12.26953125,12.30982095,12.00639662,11.64947071,11.15788265,10.3883735,10.11888332,9.731500418,9.315540178,8.99765625,8.413824442,7.936254922,7.294430928,6.617506196,5.667053736,4.857135634,4.278639804,4.800565022,5.694414821
1.5,28.62890625,30.9125376,32.80386098,34.22911843,35.49445271,36.12746757,36.39628408,36.47215464,36.12364309,35.09766767,33.94570312,32.27169276,30.33194935,27.97573623,25.39380188,19.40873073,16.07116762,12.63831223,8.982842315,5.521289062,4.327109713,4.378623405,6.990496306,10.2571346,13.81344348,17.18678763,20.61526451,23.60277802,26.43835453
18.5,36.80859375,36.60695242,35.60419058,35.00705294,35.49445271,35.77327671,36.06540877,36.47215464,37.21829895,38.22280246,38.85351562,39.25834789,39.30515104,38.85991325,38.26170486,36.89368859,36.64906479,36.2719561,36.59676499,36.60410156,36.29964259,35.57631517,36.16822002,36.06540877,35.77327671,36.61533017,37.34085647,37.604426,37.42044025
1.5,34.76367188,35.79346459,36.00423766,36.17395471,38.48345926,40.37775787,42.35203966,43.46265094,44.33356198,44.71346703,45.19277344,45.5796073,45.49792403,44.89723018,43.81927092,41.76724653,42.17618593,42.08557973,41.58723294,40.69394531,39.42477738,38.03929083,37.08002388,36.06540877,35.41908585,35.12082689,35.00705294,35.20414349,35.38672067
2,35.58164063,36.20020851,36.40428475,36.17395471,38.48345926,40.37775787,42.02116435,43.15871632,43.78623405,44.23267706,44.57929687,45.08056051,44.86600842,44.21696912,43.13526279,42.28025263,42.51631646,42.33834597,42.08627973,41.30742187,40.38635732,39.40761065,38.29576237,37.38891001,36.83584928,36.24170435,35.78498745,36.00423766,36.20020851
2.5,40.8984375,41.89462333,42.40499103,42.78639804,43.34059489,45.33642989,46.98429399,48.02167027,48.98584935,49.52136671,50.50957031,50.73642419,50.55324892,50.08422079,49.20583496,47.75231768,47.27814391,46.25622277,45.24690944,43.55683594,41.82872722,39.95493857,37.99182775,36.06540877,34.35651327,35.49445271,37.34085647,39.20461434,40.26764766
3,41.71640625,42.30136724,42.00494394,41.61949628,41.84609162,43.21128474,44.33729151,44.98232405,45.42821783,45.67504697,46.41972656,46.41135196,46.00345652,45.40742598,44.46052855,42.87875974,42.3462512,41.32728099,40.09009255,38.44453125,36.29964259,35.30265121,35.86428539,36.06540877,36.83584928,38.10983344,39.67466,40.80480268,41.48787941
3.5,41.71640625,43.11485507,44.80527354,46.28710333,47.82410471,48.87833847,49.63129647,49.84527801,50.0805052,50.48294665,50.10058594,49.57198166,48.91026833,48.12847024,46.8118065,44.84528312,44.21696912,43.09664471,41.42088401,39.46699219,37.50161751,36.39730706,36.47215464,37.0580347,37.89842186,38.85708507,40.06362726,41.20484977,41.89462333
4,40.8984375,41.89462333,42.80503811,43.9532998,44.83509816,45.33642989,45.66079275,45.28625868,45.15455387,45.194257,44.78378906,43.91611798,43.34941095,42.51631646,41.25424043,39.41596858,38.85991325,38.29408606,37.76120751,37.21757812,37.98240748,38.86028272,39.51150086,40.03591249,40.37775787,40.72521417,41.23052902,41.60489685,41.48787941
4,2.862890625,2.847207411,2.800329596,2.722770784,2.989006544,2.833526868,2.647002478,2.431476976,2.189311703,1.923159872,1.840429688,1.497140386,1.263831223,0.935358962,0.641257623,0.427505082,0.510195798,0.631915612,0.831744659,1.226953125,1.442369904,1.641983777,1.823607732,2.316127169,2.47933601,2.615380726,2.722770784,2.800329596,2.847207411
4.5,40.8984375,43.11485507,44.80527354,45.89813608,46.70322725,47.10738418,47.3151693,48.3256049,49.25951331,49.7617617,49.69160156,49.2392838,48.02558648,46.34278494,44.2040255,39.45871909,39.20004378,38.67323543,38.09390537,37.42207031,38.22280246,38.86028272,39.51150086,39.70503718,39.66937615,39.97796253,40.45259451,40.80480268,40.67439158
4.5,1.6359375,1.626975663,1.600188341,1.55586902,1.494503272,1.416763434,1.323501239,1.215738488,1.094655851,0.961579936,0.81796875,0.665395727,0.505532489,0.340130532,0.171002033,0.171002033,0.340130532,0.505532489,0.665395727,0.81796875,0.961579936,1.094655851,1.215738488,1.323501239,1.416763434,1.494503272,1.55586902,1.600188341,1.626975663
5,34.3546875,35.79346459,36.80433183,37.34085647,37.73620762,37.89842186,38.05066063,38.59969699,39.68127461,40.38635732,40.69394531,40.42279042,39.93706665,38.85991325,37.32119368,34.92716522,34.01305317,32.73322868,31.4399481,32.10527344,32.93411281,33.38700347,33.73674304,34.41103222,34.71070413,34.74720108,34.61808569,34.40404932,34.57323284
5.5,33.53671875,34.97997676,36.00423766,36.95188922,36.98895598,37.19004014,37.38891001,37.99182775,39.13394669,39.90556735,40.08046875,39.92374362,39.17876792,38.17965218,36.67993605,34.24315708,33.33279211,32.10131307,30.94090131,31.49179687,32.45332285,32.83967554,33.43280842,33.7492816,34.00232242,33.99994944,33.84015118,33.60395515,33.75974501
8.5,14.31445313,13.82929314,13.20155381,12.44695216,11.95602618,11.68829833,11.24976053,10.63771177,9.851902662,9.135009394,8.1796875,7.319352997,6.192772993,5.612153773,6.925582332,8.507351136,9.693720153,10.99533164,12.14347202,13.0875,13.94290907,14.77785399,15.50066572,15.88201487,15.93858863,16.06591018,15.94765745,15.60183632,15.04952488
9,15.13242188,14.64278097,13.60160089,13.22488667,12.70327781,12.04248919,11.58063584,11.24558101,10.39923059,9.615799362,8.793164063,7.984748724,6.824688605,6.292414836,7.609590463,9.191359267,10.37398122,11.62724725,12.80886775,13.70097656,14.66409403,15.32518192,15.80460034,16.21289018,16.64697035,16.81316181,16.72559196,16.40193049,15.86301272
9.5,15.13242188,14.23603705,13.60160089,12.44695216,11.20877454,10.97991661,10.58800991,10.02984253,9.578238699,8.654219426,7.975195313,6.986655134,6.066389871,5.52712114,6.882831823,8.592852152,9.863785419,11.12171476,12.47616988,13.49648438,14.42369904,15.32518192,15.80460034,16.21289018,16.64697035,16.81316181,16.72559196,16.40193049,15.86301272
10,12.26953125,12.20231747,12.40145964,12.0579849,11.20877454,10.97991661,9.926259294,9.421973281,8.483582848,7.452244505,6.54375,5.489514748,4.297026158,3.146207418,1.92377287,2.39402846,3.401305317,4.297026158,5.489514748,6.54375,7.452244505,8.483582848,9.421973281,9.926259294,10.97991661,11.20877454,11.66901765,12.00141255,12.60906139
10.5,15.13242188,14.64278097,13.60160089,12.44695216,11.95602618,12.39668005,12.90413708,13.06918875,13.13587022,13.22172412,13.0875,12.80886775,12.25916286,11.73450334,11.02963112,11.62813824,12.83992757,14.02852658,14.97140386,15.74589844,16.34685891,16.9671657,17.02033883,17.20551611,17.00116121,16.81316181,16.72559196,16.40193049,15.86301272
11,10.63359375,10.57534181,10.8012713,10.89108314,10.4615229,10.2715349,9.926259294,9.725907903,9.030910774,8.413824442,7.770703125,7.153004066,6.192772993,5.357055874,4.403302347,3.505541674,4.251631646,4.92894177,5.65586368,6.134765625,6.731059553,7.115263034,7.59836555,8.271882745,8.500580604,8.967019633,9.335214118,10.00117713,10.1685979
11.5,25.35703125,25.6248667,26.00306053,26.44977333,26.52743308,26.56431439,26.13914947,26.13837749,25.99807647,25.72226329,25.15253906,25.1186887,25.52939071,25.67985514,25.60755442,25.30830087,25.76488778,26.28768944,26.61582908,26.99296875,27.1646332,27.36639628,27.05018136,26.80090009,26.21012353,25.78018144,25.67183882,26.00306053,25.6248667
12,26.175,26.43835453,26.8031547,27.22770784,27.27468472,27.2726961,26.80090009,26.74624673,26.54540439,26.44344824,25.76601563,25.61773549,26.16130632,26.36011621,26.29156255,25.992309,26.44514884,26.91960505,27.28122481,27.60644531,27.88581815,27.64006025,27.6580506,27.1317754,26.91850525,26.52743308,26.44977333,26.40310762,26.43835453
12.5,28.21992188,27.65858627,28.40334305,29.56151137,30.26369126,30.46041383,30.4405285,31.00133144,31.19769176,31.01095294,30.67382812,30.60820344,31.09024809,31.29200892,31.16512049,31.46437405,31.88723735,31.97492994,31.77264597,31.28730469,30.53016297,29.55570799,28.87378909,28.78615195,28.68945954,29.14281381,29.56151137,29.20343722,28.87881802
13,28.62890625,28.47207411,28.00329596,27.22770784,26.15380726,25.14755095,25.14652355,26.13837749,27.36639628,28.6070031,29.24238281,29.94280772,30.45833248,30.69678049,30.48111236,30.78036592,31.20697628,31.34301433,31.27359917,30.87832031,30.28976799,29.28204402,28.56985447,28.45527664,28.68945954,29.51643962,29.56151137,29.6034843,29.28556194
13.5,30.67382813,29.28556194,27.20320179,26.06080608,26.52743308,27.2726961,27.79352602,27.96198522,29.28204402,30.28976799,31.49179687,32.43804169,33.11237804,33.33279211,33.21714489,32.7896398,32.48246578,32.22769619,32.60439062,34.15019531,35.33806265,36.12364309,36.47215464,36.39628408,36.12746757,35.12082689,34.22911843,33.20390807,32.13276935
14,31.49179688,30.09904977,28.00329596,26.44977333,27.27468472,27.98107782,28.12440133,28.56985447,29.55570799,30.77055796,32.10527344,33.10343742,33.74429366,34.01305317,33.90115302,33.47364794,33.16272684,32.8596118,33.26978635,34.76367187,35.81885262,36.67097102,37.08002388,37.0580347,36.48165843,35.86807853,35.00705294,34.00400224,32.94625718
14.5,32.71875,32.13276935,31.20367264,29.56151137,28.76918799,30.46041383,31.76402974,32.82493917,34.75532328,36.78043256,38.64902344,40.42279042,41.58004724,42.26121856,42.49400517,41.46799297,40.30546801,40.56898226,40.92183721,41.30742187,41.34793726,41.04959443,40.42330472,39.70503718,38.96099444,38.10983344,36.56292196,35.60419058,34.16648893
18.5,11.04257812,12.20231747,13.20155381,14.00282118,14.5714069,15.23020692,15.55113956,15.50066572,15.59884588,15.38527898,14.92792969,14.47235706,13.77576033,13.00999284,12.01289281,10.73037756,10.45901385,9.984266662,9.48188911,8.99765625,8.654219426,8.209918885,7.59836555,7.279256816,6.729626312,5.978013088,7.390377843,8.400988788,9.761853979
18.5,55.621875,53.69019689,51.2060269,49.78780863,48.57135634,47.10738418,45.66079275,43.76658557,41.59692235,39.42477738,38.24003906,37.09581178,35.76642361,34.18311844,35.95317741,45.05903566,49.40395973,53.20729449,56.5586368,59.09824219,61.06032595,62.39538353,63.21840137,63.52805948,63.04597281,62.02188579,60.28992451,59.2069686,57.75763604
18.5,0.81796875,0.813487832,1.200141255,1.166901765,1.120877454,1.062572576,0.992625929,1.215738488,0,0,0,0,0,0,0,0,0,0,0,0,0,0,0.303934622,0.33087531,0.354190859,0.373625818,0.77793451,0.80009417,0.813487832
18,33.53671875,32.94625718,32.00376681,31.8953149,32.13182035,32.23136812,32.42578036,32.52100455,33.38700347,34.37648272,35.17265625,35.5986714,35.89280674,35.6286732,35.26916928,35.39742081,35.03344476,34.62897551,34.26787994,34.3546875,33.89569275,33.38700347,32.82493917,32.09490505,32.23136812,33.2526978,33.84015118,34.00400224,34.16648893
18,3.680859375,3.660695242,4.000470851,3.889672549,4.483509816,4.958672019,5.294004957,5.774757818,6.020607182,6.490664569,6.748242188,6.820306202,6.951071727,6.9726759,6.925582332,6.669079282,6.462480102,6.066389871,5.988561543,5.72578125,5.529084633,5.199615294,4.862953952,4.632254337,4.250290302,4.109883998,3.889672549,4.000470851,3.660695242
18,2.044921875,2.033719579,2.000235426,1.55586902,1.494503272,1.416763434,1.654376549,1.51967311,1.641983777,2.163554856,2.45390625,2.661582908,2.906811813,3.061174785,3.249038625,3.420040658,3.401305317,3.28596118,3.326978635,3.476367187,3.605924761,3.557631517,3.647215464,3.308753098,3.187717727,2.989006544,3.111738039,2.800329596,2.440463495
18,3.680859375,4.067439158,4.400517937,4.667607059,4.857135634,5.312862878,5.955755577,6.382627062,6.841599071,7.211849521,7.770703125,8.151097656,8.467669195,8.673328558,8.849355201,8.678353169,8.41823066,8.088519828,7.818399793,7.566210938,7.211849521,6.567935108,6.382627062,5.955755577,5.312862878,4.857135634,4.667607059,4.400517937,4.067439158
17.5,33.53671875,32.94625718,31.60371973,31.50634765,31.38456871,31.52298641,31.43315443,32.82493917,34.20799535,35.57845764,36.60410156,37.26216071,37.78855357,37.92455428,37.53494622,36.85093808,36.47899952,36.14557298,35.76502033,35.78613281,35.57845764,34.75532328,34.04067766,33.41840629,33.2939407,33.99994944,34.61808569,34.40404932,34.16648893
17.5,2.862890625,3.253951326,3.200376681,3.500705294,4.109883998,4.250290302,4.963129647,5.166888574,5.473279257,5.769479617,6.134765625,6.321259407,6.319156115,6.292414836,6.284324708,5.985071151,5.782219039,5.434474259,5.156816884,4.9078125,4.807899681,4.652287368,4.255084708,3.970503718,3.896099444,3.362632362,3.500705294,3.200376681,3.253951326
17.5,1.6359375,1.220231747,1.200141255,1.166901765,0.747251636,0.708381717,0.992625929,1.215738488,1.368319814,1.442369904,1.840429688,1.996187181,2.274896202,2.465946355,2.607781001,2.736032526,2.721044254,2.654045568,2.495233976,2.45390625,2.40394984,2.189311703,2.127542354,1.985251859,2.125145151,1.86812909,1.944836275,2.000235426,1.626975663
17.5,2.862890625,3.253951326,3.600423766,3.889672549,4.483509816,4.604481161,5.294004957,5.774757818,6.294271145,6.731059553,7.157226563,7.485701929,7.835753583,8.078100128,8.16534707,7.994345037,7.737969596,7.456604216,6.986655134,6.748242187,6.490664569,6.020607182,5.774757818,5.294004957,4.604481161,4.483509816,3.889672549,3.600423766,3.253951326
17,32.30976563,32.13276935,31.60371973,31.11738039,31.38456871,31.87717727,33.08753098,34.04067766,35.02898724,36.29964259,37.01308594,37.59485858,37.78855357,37.66945639,37.10744113,35.95317741,35.3735753,34.75535863,34.10153101,33.53671875,32.93411281,32.01868365,31.91313531,32.42578036,32.58555898,32.50544617,32.67324941,32.80386098,32.94625718
16.5,32.30976563,31.72602543,30.80362556,30.33944588,30.26369126,30.81460469,32.42578036,33.73674304,34.75532328,35.57845764,36.60410156,37.09581178,37.4094042,37.83952165,38.21895435,38.04795232,37.49939112,36.90387171,36.26406712,35.58164062,35.09766767,33.93433139,33.73674304,34.08015691,34.00232242,33.62632362,33.45118392,33.60395515,32.94625718
16,31.49179688,30.09904977,29.6034843,29.17254412,28.76918799,29.0436504,29.77877788,30.3934622,30.65036384,31.01095294,31.28730469,31.4399481,31.34301433,31.46207418,31.54987507,31.12236998,31.29200892,32.10131307,32.60439062,32.71875,32.69371783,33.1133395,33.73674304,34.41103222,34.71070413,34.37357526,33.84015118,33.20390807,32.53951326
15.5,9.815625,8.541622232,7.600894618,6.223476079,4.857135634,3.541908585,2.977877788,3.03934622,4.104959443,5.288689649,6.134765625,7.319352997,8.594052317,9.693720153,10.68762705,12.39764738,13.09502547,13.64937721,13.97331027,14.31445313,14.18330406,14.23052607,13.98099261,13.89676301,13.45925262,13.07690363,12.44695216,11.60136547,10.57534181
14.5,9.815625,8.541622232,7.600894618,6.223476079,4.857135634,3.541908585,2.977877788,3.03934622,4.104959443,5.288689649,6.134765625,7.319352997,8.594052317,9.693720153,10.68762705,12.39764738,13.09502547,13.64937721,13.97331027,14.31445313,14.18330406,14.23052607,13.98099261,13.89676301,13.45925262,13.07690363,12.44695216,11.60136547,10.57534181
15.5,30.67382813,30.9125376,30.40357847,29.56151137,28.39556217,29.0436504,30.10965319,31.30526606,32.56601158,33.65529777,34.3546875,34.76692674,35.51365737,36.05383636,36.29518148,35.8676764,35.96880373,36.65110547,36.92946285,36.80859375,36.54003757,36.67097102,37.08002388,37.0580347,36.83584928,36.24170435,35.00705294,33.60395515,32.53951326
15,30.67382813,30.9125376,30.40357847,29.56151137,28.39556217,29.0436504,30.10965319,31.30526606,32.56601158,33.89569275,34.55917969,35.0996246,35.89280674,36.64906479,36.89368859,35.78217538,34.43821633,34.50259239,34.76692674,35.17265625,35.33806265,35.02898724,34.64854691,34.41103222,34.35651327,33.62632362,33.06221667,32.00376681,31.31928152
15,10.63359375,9.355110063,8.000941703,6.612443333,5.230761452,4.250290302,3.639628408,3.647215464,4.652287368,5.769479617,6.748242188,7.984748724,9.225967929,10.37398122,11.37163519,13.08165552,13.77528653,14.28129282,14.80505493,15.33691406,15.38527898,15.59884588,15.50066572,15.22026425,14.87601606,14.19778109,13.61385392,12.80150672,11.38882964
