10.5,1.640625,2.0395468557357166,2.005966759317375,2.3404906455701044,2.622874653778561,2.84164585616769,2.986410389391896,3.0480549482471253,3.018929102908129,3.1340893335126,3.076171875,3.169685948969615,3.0418860383783883,2.9846697802940088,2.872491168312284,1.5434280904364446,1.7055255887394298,1.7744335223873928,1.8350813388771443,2.0507812499999987,1.9286703590846772,2.195584802115002,2.133638463772987,1.990940259594597,2.1312343921257666,1.8734818955561148,1.9504088713084202,2.0059667593173747,1.6316374845885733,
11.0,2.05078125,2.44745622688286,2.808353463044325,3.120654194093472,2.997571032889784,3.196851588188651,3.318233765990995,3.65766593789655,3.5678253034368796,3.61625692328377,3.6914062499999996,3.8369882540158495,3.6756122963738864,3.6668800157897836,3.5584592085062625,2.8296181658001505,2.899393500857032,2.915140786779287,2.836034796446496,2.8710937499999982,2.6519217437414304,2.7444810026437527,2.743249453422411,2.654587012792796,2.4864401241467275,2.622874653778561,2.7305724198317884,2.4071601111808496,2.44745622688286,
11.5,13.125000000000002,12.645190505561445,11.634607204040773,10.922289679327152,10.116802236003018,9.59055476456595,9.291054544774786,8.839359349916663,8.50789110819564,8.437932820995467,8.408203125000007,8.341278813077945,8.49193185713968,8.52762794369718,8.403108492376193,8.660346507448903,9.039285620318996,9.379148618333376,10.343185728216646,11.279296875000007,12.29527353916483,12.89906071242565,13.411441772287356,13.936581817162189,14.208229280838452,14.23846240622648,14.042943873420631,14.041767315221627,13.868918619002876,
12.0,10.664062499999996,9.789824907531436,9.227447092859922,8.191717259495363,7.868623961335681,7.459320372440183,6.968290908581088,6.7057208861436735,6.586754406345009,6.991430051681955,7.382812500000004,7.673976508031709,8.111696102342382,8.442351664260208,8.703219509961055,9.003330527545888,9.039285620318996,8.998912863536077,9.675883423170411,10.253906250000005,10.607686974965732,10.977924010575018,11.582608803339077,11.613818180968487,11.721789156691719,11.615587752447913,11.702453227850521,11.233413852177296,11.013553020972866,
57.5,13.125000000000002,12.645190505561445,12.436993907767727,11.702453227850521,11.24089137333669,11.36658342467076,11.945641557567587,12.192219792988508,12.350164511896905,12.536357334050415,12.714843750000018,12.511918219616923,13.308251417905474,14.07058610710029,14.619693856634052,14.491074849097634,13.729480989352385,12.92801566310817,11.844615914570678,11.894531250000009,12.536357334050413,12.89906071242565,13.411441772287356,13.604758440563089,13.497817816796529,13.863766027115258,13.652862099158947,13.640573963358152,13.461009247855735,
57.0,13.945312500000004,13.461009247855735,12.838187259631201,12.482616776373892,11.99028413155914,12.076994888712685,12.277464934166687,12.801830782637936,12.899060712425657,13.018524923821587,13.33007812500002,13.17922052466316,13.941977675900967,14.752796342596058,15.305661896828024,15.177042889291602,14.41169122484815,13.561741921103668,12.678743795878473,12.50976562500001,13.018524923821584,13.447956912954403,14.021052761936781,14.268405193761287,14.208229280838452,14.23846240622648,14.433025647682317,14.442960667085105,14.276827990150021,
56.5,13.125000000000002,12.645190505561445,12.436993907767727,11.702453227850521,11.24089137333669,11.36658342467076,11.945641557567587,12.192219792988508,12.350164511896905,12.536357334050415,12.714843750000018,12.511918219616923,13.308251417905474,14.07058610710029,14.619693856634052,14.491074849097634,13.729480989352385,12.92801566310817,11.844615914570678,11.894531250000009,12.536357334050413,12.89906071242565,13.411441772287356,13.604758440563089,13.497817816796529,13.863766027115258,13.652862099158947,13.640573963358152,13.461009247855735,
12.5,13.125000000000002,13.461009247855735,13.640573963358152,13.26278032489726,13.11437326889281,13.14261208477557,12.94111168736489,12.801830782637936,13.44795691295441,13.982860103363928,14.355468750000021,14.513825134755635,14.57570393389646,14.923348901469998,15.048423881755284,14.748312864170375,14.32641494541118,13.688487172702766,13.01239494840159,12.50976562500001,12.054189744279244,11.526820211103772,10.97299781368965,10.950171427770286,11.011377692649795,11.615587752447913,12.092535002112205,12.436993907767723,13.05309987670859,
12.5,2.87109375,2.8553655980300037,2.40716011118085,2.3404906455701044,2.248178274667338,2.131234392125767,1.9909402595945973,2.133638463772988,2.1955848021150035,2.651921743741431,2.87109375,3.336511525231174,3.5488670447747865,3.7521562952267553,3.944316231115376,4.115808241163856,4.093261412974636,3.929102799572085,3.836988254015847,3.6914062499999973,3.3751731283981847,3.293377203172503,3.0480549482471235,3.3182337659909944,3.1968515881886495,3.3722674120010065,3.120654194093472,3.2095468149077995,3.2632749691771465,
55.5,2.87109375,3.2632749691771465,4.011933518634749,4.290899516878524,4.496356549334675,4.972880248293456,5.309174025585592,5.486498906844824,5.488962005287508,5.5449272823684455,5.537109375,5.50524401663144,5.450045818761284,5.287129325092248,5.059014296430585,4.630284271309338,4.434366530722523,4.182593302770284,3.836988254015847,3.4863281249999973,3.1340893335125997,2.7444810026437527,2.438443958597699,2.3227636361936965,2.4864401241467275,2.248178274667338,2.7305724198317884,2.8083534630443245,2.8553655980300037,
55.0,3.6914062499999996,4.079093711471433,4.413126870498224,5.071063065401892,5.245749307557121,5.683291712335378,5.6409974021846905,5.791304401669536,6.037858205816258,6.268178667025199,6.152343750000001,6.172546321677677,6.083772076756784,5.969339560588024,5.744982336624556,5.316252311503306,5.116576766218297,4.816319560765783,4.671116135323641,4.5117187499999964,4.339508307940522,4.116721503965628,3.96247143272126,3.650057142590094,3.1968515881886495,2.9975710328897835,3.120654194093472,3.2095468149077995,3.67118434032429,
54.5,16.40625000000001,16.72428421703289,16.448927426402488,16.383434518990743,17.236033439116273,18.825903797110964,19.909402595946,21.031579142905194,21.95584802115007,22.661876719244997,23.17382812500003,23.3555806766182,23.447871545833344,23.1098717274192,22.636945326401293,21.22213624350109,20.295754505999128,19.518768746261287,19.685417998863926,19.68750000000002,19.2867035908468,18.936918918241922,18.288329689482765,17.918462336351393,17.049875137006147,16.1119443017826,15.213189196205686,16.047734074539008,16.316374845885743,
54.0,17.22656250000001,17.54010295932718,17.251314130129437,16.773516293252428,17.985426197338718,19.181109529131923,20.573049349144195,21.64119013255462,22.50474422167882,23.14404430901617,23.78906250000002,24.02288298166443,24.081597803828835,23.792081962914967,23.322913366595294,21.865231281182965,20.977964741494894,20.152495004256778,20.352720303910154,20.097656250000025,19.76887118061797,19.211367018506298,18.89794067913219,18.25028571295049,17.760286601048072,16.861337060005045,15.993352744729057,16.448927426402484,17.132193588180034,
12.5,9.843749999999996,8.97400616523715,8.425060389132971,7.801635485233678,7.119231203113235,6.748908908398261,6.636467531981989,6.096109896494249,6.037858205816258,6.509262461910785,6.767578125000003,7.006674202985472,7.477969844346882,7.760141428764432,8.017251469767084,8.317362487351918,8.357075384823222,8.238441353941479,9.008581118124175,9.638671875000004,10.125519385194561,10.703475910310642,10.97299781368965,11.281994804369386,11.366583424670756,11.240891373336689,10.922289679327152,10.83222050031382,10.197734278678581,
53.5,6.972656249999998,8.158187422942865,8.826253740996446,9.752044356542099,10.491498615114242,11.36658342467076,11.613818180968488,12.192219792988508,12.350164511896905,12.536357334050415,12.304687500000018,12.178267067093804,11.914053650315376,11.512297723991166,10.932615640591461,9.517806557691364,8.612904223134137,7.731460347545079,6.673023050462349,5.5371093749999964,4.339508307940522,3.293377203172503,2.438443958597699,1.990940259594597,2.4864401241467275,3.3722674120010065,4.290899516878524,5.215513574225173,6.118640567207149,
13.0,13.945312500000004,14.276827990150021,14.04176731522163,14.042943873420631,13.863766027115258,13.49781781679653,13.272935063963988,13.411441772287361,13.99685311348316,14.465027693135099,14.970703125000023,15.181127439801871,15.20943019189195,15.605559136965764,15.734391921949255,15.434280904364341,15.008625180906945,14.322213430698257,13.846522829709384,13.125000000000012,12.536357334050413,12.075716411632522,11.582608803339077,11.281994804369386,11.721789156691719,11.990284131559136,12.872698550635576,13.239380611494676,13.461009247855735,
13.0,3.6914062499999996,3.2632749691771465,3.2095468149077995,3.120654194093472,2.622874653778561,2.4864401241467284,2.654587012792796,2.7432494534224126,2.744481002643754,3.1340893335126,3.4863281249999996,3.8369882540158495,4.182593302770286,4.434366530722531,4.630284271309354,4.801776281357831,4.690195369033439,4.562829057567583,4.671116135323641,4.7167968749999964,4.580592102826107,4.665617704494379,4.572082422370685,4.313703895788293,3.9072630522305714,3.746963791112229,3.90081774261684,4.0119335186347485,3.67118434032429,
13.5,15.175781250000007,15.9084654747386,16.047734074539008,15.993352744729057,16.1119443017826,15.984257940943264,15.92752207675679,16.459496720534496,16.74133411612692,16.875865641990952,16.81640625000003,16.6825576261559,16.476882707882933,16.20249309302456,15.691518919437133,14.062344823976405,14.241138665974209,14.322213430698257,14.180173982232503,13.94531250000001,13.500692513592755,13.173508812690027,13.106636277462641,13.272935063963986,13.497817816796529,13.863766027115258,14.433025647682317,14.84415401894858,15.09264673244431,
13.5,31.582031250000046,29.777384093741503,28.484727982306765,27.30572419831792,26.228746537785646,24.864401241467316,22.8958129853379,24.079634091152325,25.52367332458696,26.760301232299934,27.890624999999982,28.527173540726473,28.897917364594573,29.33504012631807,29.53949873085345,31.81176786399598,33.93995921591444,35.61541569934677,37.36892908258898,38.75976562499986,39.778826156121376,40.06942263859874,40.23432531686201,39.818805191891954,39.07263052230577,37.84433429023358,36.66768678059836,35.30501496398585,33.85647780521295,
13.5,4.921874999999999,4.894912453765719,5.215513574225174,5.071063065401892,4.8710529284458985,4.617674516272494,4.313703895788294,4.267276927545974,3.8422734037012556,3.375173128398185,3.076171875,2.6692092201849396,2.154669277184692,1.7055255887394325,0.0,0.0,0.34110511774788604,0.8872167611936965,1.334604610092469,1.845703124999999,2.410837948855846,2.7444810026437527,3.352860443071836,3.650057142590094,3.9072630522305714,4.121660170223452,4.680981291140208,4.814320222361698,4.894912453765719,
14.0,15.996093750000009,16.316374845885743,16.85012077826596,16.773516293252428,16.86133706000505,16.69466940498519,16.59116882995499,17.06910771018392,17.290230316655673,17.35803323176212,17.226562500000032,17.18303435494058,17.110608965878424,16.884703328520327,16.377486959631103,15.648645916924957,15.435006578091798,14.955939688693748,14.84747628727874,14.560546875000012,14.22394389824951,13.447956912954403,13.411441772287356,13.936581817162189,14.208229280838452,14.613158785337703,15.213189196205686,15.646540722675532,15.9084654747386,
14.0,9.433593749999996,9.381915536384295,9.628640444723397,9.361962582280414,8.992713098669348,8.524937568503065,8.295584414977485,7.620137370617811,7.135650606873758,6.268178667025199,5.537109375,4.837941711585203,3.929102799572086,2.9846697802940088,2.01503111806981,1.5005550879243208,1.9613544270503442,2.40815978038289,3.1696859489696125,4.101562499999997,4.821675897711692,5.4889620052875046,6.400915391318958,6.9682909085810865,7.814526104461142,8.243320340446903,8.581799033757047,8.826253740996446,9.381915536384295,
14.0,32.40234375000005,30.593202836035793,28.885921334170238,28.08588774684129,26.603442916896867,25.21960697348828,23.559459738536102,24.38443958597704,26.07256952511571,27.48355261695668,28.30078124999998,29.027650269511145,29.53164362259006,30.017250361813836,30.225466771047454,29.6252447358776,32.23443362717503,34.47470843495489,36.367975625019625,37.93945312499987,39.05557477146463,39.52052643806999,39.92951982203731,39.818805191891954,39.42783625432673,38.59372704845603,37.44785032912173,36.1074016677128,34.264387176360096,
14.5,15.996093750000009,16.316374845885743,16.448927426402488,16.383434518990743,16.1119443017826,15.984257940943264,15.59569870015769,16.15469122570978,16.19243791559817,16.152614257334193,15.791015625000025,15.514778592324987,14.955939688693753,14.241138665974232,14.319582839049191,15.177042889291602,15.179177739780886,14.955939688693748,14.680650711017181,14.355468750000012,13.982860103363924,13.447956912954403,13.411441772287356,13.936581817162189,14.208229280838452,14.613158785337703,15.213189196205686,15.646540722675532,15.9084654747386,
14.5,31.582031250000046,29.777384093741503,28.484727982306765,27.30572419831792,26.228746537785646,24.864401241467316,22.8958129853379,24.079634091152325,25.52367332458696,26.760301232299934,27.890624999999982,28.527173540726473,28.897917364594573,29.33504012631807,29.53949873085345,31.81176786399598,33.93995921591444,35.61541569934677,37.36892908258898,38.75976562499986,39.778826156121376,40.06942263859874,40.23432531686201,39.818805191891954,39.07263052230577,37.84433429023358,36.66768678059836,35.30501496398585,33.85647780521295,
14.5,4.921874999999999,4.894912453765719,5.215513574225174,5.071063065401892,4.8710529284458985,4.617674516272494,4.313703895788294,4.267276927545974,3.8422734037012556,3.375173128398185,3.076171875,2.6692092201849396,2.154669277184692,1.7055255887394325,0.0,0.0,0.34110511774788604,0.8872167611936965,1.334604610092469,1.845703124999999,2.410837948855846,2.7444810026437527,3.352860443071836,3.650057142590094,3.9072630522305714,4.121660170223452,4.680981291140208,4.814320222361698,4.894912453765719,
15.0,15.996093750000009,16.316374845885743,16.448927426402488,16.383434518990743,16.1119443017826,15.984257940943264,15.59569870015769,16.15469122570978,16.19243791559817,16.634781847105366,16.61132812500003,16.6825576261559,16.73037321108113,16.543598210772444,16.248867952094734,15.820137926973448,15.690835416402711,15.46292069509014,15.181127439801857,14.765625000000012,14.22394389824951,13.72240501321878,13.411441772287356,13.936581817162189,14.208229280838452,14.613158785337703,15.213189196205686,15.646540722675532,15.9084654747386,
15.5,17.22656250000001,17.132193588180034,16.85012077826596,17.163598067514112,17.236033439116273,17.049875137006154,17.254815583153196,17.373913205008634,17.56467841692005,17.35803323176212,17.226562500000032,17.016208778679022,16.85711846268023,16.714150769646388,16.29174095460686,16.034502939534065,16.117216813587564,16.096646953085635,15.848429744848094,15.791015625000016,15.911530462448606,15.64354171506941,15.84988573088506,15.92752207675679,16.339463672964225,16.486640680893824,16.773516293252428,17.251314130129437,17.132193588180034,
16.0,18.046875000000014,17.94801233047432,17.652507481992913,17.553679841775796,17.610729818227497,17.760286601048076,17.918462336351393,17.98352419465806,18.113574617448805,18.081284616418877,17.841796875000032,17.5166855074637,17.61758997227482,17.396361005142154,16.977708994800828,16.67759797721591,16.79942704908333,16.730373211081126,16.68255762615589,16.406250000000018,16.393698052219776,16.192437915598163,16.154691225709772,16.59116882995499,16.694669404985184,17.236033439116273,17.163598067514112,17.65250748199291,17.94801233047432,
16.5,17.22656250000001,17.54010295932718,18.05370083385639,17.94376161603748,17.610729818227497,17.760286601048076,18.250285712950493,18.593135184307485,18.388022717713177,18.322368411304463,17.841796875000032,17.5166855074637,17.364099469076624,16.9699796079573,16.46323296465535,16.034502939534065,16.117216813587564,16.096646953085635,15.848429744848094,15.791015625000016,15.911530462448606,15.64354171506941,15.84988573088506,15.92752207675679,16.339463672964225,16.486640680893824,16.773516293252428,16.850120778265957,17.132193588180034,
17.0,18.046875000000014,18.355921701621465,18.454894185719862,18.723925164560853,18.360122576449946,18.47069806509,18.913932466148694,18.8979406791322,18.936918918241933,18.804536001075633,18.457031250000036,18.18398781250993,17.997825727072115,17.652189843453066,17.106328002337197,16.24886795209468,15.946664254713623,15.843156449887436,15.848429744848094,15.585937500000014,15.18827907779185,15.094645514540657,15.545080236060349,15.92752207675679,16.339463672964225,16.861337060005045,17.163598067514112,17.65250748199291,17.94801233047432,
17.5,18.046875000000014,18.76383107276861,18.856087537583342,19.114006938822538,19.10951533467239,19.181109529131923,19.577579219346894,19.507551668781627,19.485815118770685,19.286703590846805,18.867187500000036,18.350813388771485,17.744335223873918,17.481637284579126,17.063454999825073,16.205994949582557,15.776111695839681,15.209430191891945,14.680650711017181,14.765625000000012,14.947195282906266,14.820197414276283,15.240274741235634,15.92752207675679,16.339463672964225,16.861337060005045,17.553679841775796,18.053700833856386,17.94801233047432,
18.0,18.046875000000014,18.355921701621465,18.856087537583342,19.114006938822538,19.10951533467239,19.181109529131923,19.245755842747794,19.202746173956914,18.936918918241933,18.804536001075633,18.457031250000036,18.01716223624837,17.61758997227482,17.396361005142154,16.977708994800828,16.548978969679542,16.543598210772416,16.35013745628383,16.18208089737121,15.791015625000016,15.670446667563022,15.369093614805035,15.545080236060349,16.25934545335589,16.694669404985184,17.236033439116273,17.553679841775796,18.053700833856386,17.94801233047432,
18.5,18.457031250000014,18.76383107276861,18.856087537583342,19.114006938822538,19.484211713783615,19.536315261152886,19.577579219346894,19.507551668781627,19.485815118770685,19.04561979596122,18.457031250000036,18.01716223624837,17.744335223873918,17.737466122890037,17.53505802745843,16.934835992288647,16.71415076964636,16.857118462680223,17.349859931202126,17.63671875000002,17.84020082153329,17.564678416920042,17.983524194658052,18.25028571295049,18.825903797110957,19.109515334672388,19.114006938822538,19.257280889446815,19.171740443915752,
19.0,19.277343750000018,19.579649815062897,19.65847424131029,19.894170487345907,19.85890809289484,20.246726725194808,20.241225972545095,20.117162658431052,20.034711319299436,19.52778738573239,19.072265625000036,18.684464541294602,18.50480673346851,18.419676358385804,18.178153065140275,17.620804032482617,17.396361005142126,17.61758997227481,18.017162236248357,18.25195312500002,18.32236841130446,18.113574617448794,18.288329689482765,18.913932466148694,19.18110952913192,19.484211713783615,19.894170487345907,20.059667593173767,19.579649815062897,
19.5,19.277343750000018,19.579649815062897,20.05966759317377,20.28425226160759,20.60830085111729,20.60193245721577,20.573049349144195,20.117162658431052,20.034711319299436,19.768871180617975,19.277343750000036,19.018115693817716,18.885042488265803,18.504952637822775,17.878042047555414,16.891962989776527,16.543598210772416,16.730373211081126,17.016208778679005,17.226562500000018,17.358033231762118,17.290230316655666,16.764302215359198,16.92299220655409,17.760286601048072,18.360122576449942,19.114006938822538,19.257280889446815,19.579649815062897,
20.0,18.046875000000014,18.355921701621465,18.454894185719862,18.723925164560853,19.10951533467239,19.181109529131923,18.913932466148694,18.8979406791322,18.662470817977557,18.563452206190046,18.251953125000032,18.18398781250993,18.251316230270312,18.078571240637917,17.663677034994798,17.10632800233714,16.884703328520303,16.857118462680223,17.016208778679005,17.021484375000018,16.875865641990945,16.741334116126914,16.764302215359198,17.254815583153192,17.40508086902711,17.610729818227494,17.94376161603748,18.053700833856386,18.355921701621465,
20.5,18.046875000000014,17.94801233047432,17.652507481992913,17.94376161603748,18.360122576449946,18.47069806509,18.250285712950493,18.288329689482772,18.113574617448805,18.081284616418877,18.046875000000032,17.683511083725257,17.110608965878424,17.311084725705182,17.320693014897813,17.020581997312892,16.79942704908333,16.730373211081126,16.68255762615589,16.611328125000018,16.634781847105362,17.01578221639129,17.373913205008627,17.586638959752293,17.760286601048072,17.610729818227494,17.553679841775796,18.053700833856386,17.94801233047432,
21.0,16.40625000000001,16.316374845885743,16.448927426402488,16.773516293252428,16.86133706000505,16.69466940498519,16.922992206554092,16.76430221535921,16.74133411612692,16.875865641990952,17.021484375000032,16.84938320241746,16.476882707882933,16.884703328520327,17.106328002337197,17.10632800233714,16.884703328520303,16.47688270788293,16.34890647363277,16.406250000000018,16.634781847105362,16.741334116126914,16.764302215359198,16.92299220655409,16.694669404985184,16.861337060005045,16.773516293252428,16.850120778265957,16.72428421703289,
21.5,15.996093750000009,15.9084654747386,15.646540722675532,15.993352744729057,16.1119443017826,16.33946367296423,16.259345453355895,16.15469122570978,16.19243791559817,16.39369805221978,16.40625000000003,16.182080897371225,15.843156449887443,16.20249309302456,16.420359962143227,16.42035996214317,16.202493093024536,15.843156449887436,15.848429744848094,15.791015625000016,16.152614257334193,16.192437915598163,16.154691225709772,16.25934545335589,16.339463672964225,16.1119443017826,16.383434518990743,16.448927426402484,16.316374845885743,
22.0,9.843749999999996,10.197734278678581,10.832220500313822,10.922289679327152,11.24089137333669,11.36658342467076,11.281994804369388,10.972997813689656,10.70347591031065,10.607686974965734,10.458984375000012,10.009534575693536,9.50589386993248,8.954009340882038,8.274489484839822,6.087966356721521,5.628234442840127,5.323300567162183,5.171592864108317,5.5371093749999964,5.786011077254029,5.76341010555188,6.400915391318958,6.636467531981989,7.45932037244018,7.86862396133568,8.581799033757047,8.826253740996446,9.381915536384295,
22.5,9.023437499999996,9.789824907531436,10.029833796586871,10.142126130803781,10.491498615114242,10.656171960628836,10.618348051171187,10.363386824040228,10.154579709781896,10.125519385194563,9.84375000000001,9.342232270647301,8.87216761193698,8.271799105386263,7.588521444645853,5.23050630647906,4.946024207344354,4.689574309166684,4.504290559062081,4.921874999999996,5.062759692597276,5.4889620052875046,5.791304401669534,6.3046441553828885,6.748908908398259,7.119231203113234,7.801635485233678,8.425060389132971,8.566096794090008,
24.5,4.511718749999999,4.487003082618576,4.413126870498224,4.680981291140208,4.496356549334675,4.262468784251533,4.313703895788294,4.267276927545974,4.116721503965631,3.8573407181693544,3.8964843749999996,3.670162677754291,3.5488670447747865,3.3257748980418964,3.0439831783607785,2.872491168312274,2.9846697802940043,3.041886038378387,3.1696859489696125,3.2812499999999982,3.6162569232837685,3.842273403701254,4.267276927545972,4.313703895788293,4.262468784251532,4.496356549334674,4.680981291140208,4.413126870498224,4.487003082618576,
24.5,37.73437500000006,42.014665228155835,45.736042112436195,49.15030355697218,51.70810031734873,53.99127126718601,56.07815064524769,57.91304401669519,59.280789657104854,60.0298649265103,60.70312499999968,61.22498648799167,61.7249375287614,61.91057887124214,61.351266594850344,62.508837662677514,64.1277621366034,65.14705932193719,65.39562589453055,65.2148437499996,64.61045702933636,63.39751116107042,61.57070995459168,58.73273765804045,55.41209419526982,51.708100317348716,47.199894685663786,42.125301945664944,36.71184340324296,
25.0,4.921874999999999,5.302821824912862,5.215513574225174,5.071063065401892,5.245749307557121,4.972880248293456,4.977350648986492,4.572082422370687,4.391169604230006,4.580592102826108,4.51171875,4.337464982800526,4.182593302770286,3.922708854100699,3.6870782160426336,3.558459208506251,3.7521562952267495,4.182593302770284,4.504290559062081,4.921874999999996,5.062759692597276,5.4889620052875046,5.4864989068448216,5.6409974021846905,5.683291712335377,5.620445686668343,5.461144839663576,5.616706926088648,5.302821824912862,
25.0,38.554687500000064,42.830483970450125,46.53842881616313,49.540385331233864,52.457493075571165,54.701682731227926,56.741797398445875,58.522655006344614,59.829685857633606,60.512032516281465,61.31835937499967,61.72546321677635,62.35866378675692,62.507512827300964,62.03723463504435,63.151932700359396,64.80997237209918,65.78078557993271,66.22975377583835,65.83007812499959,65.09262461910753,63.94640736159917,61.87551544941639,59.396384411238635,56.12250565931174,52.082796696459944,47.98005823418714,42.92768864939189,37.52766214553725,
25.5,13.125000000000002,13.461009247855735,13.640573963358152,13.26278032489726,13.489069648004033,13.49781781679653,13.60475844056309,13.411441772287361,13.173508812690033,13.018524923821587,13.12500000000002,13.346046100924719,13.181506166306376,13.04727075385664,12.776154748612756,12.60466273856422,12.791441915545708,12.801270411509071,13.179220524663151,13.330078125000012,13.500692513592755,13.173508812690027,13.411441772287356,13.604758440563089,13.497817816796529,13.863766027115258,13.652862099158947,13.640573963358152,13.461009247855735,
25.5,37.73437500000006,42.014665228155835,45.736042112436195,49.15030355697218,51.70810031734873,53.99127126718601,56.07815064524769,57.91304401669519,59.280789657104854,60.0298649265103,60.70312499999968,61.22498648799167,61.7249375287614,61.91057887124214,61.351266594850344,62.508837662677514,64.1277621366034,65.14705932193719,65.39562589453055,65.2148437499996,64.61045702933636,63.39751116107042,61.57070995459168,58.73273765804045,55.41209419526982,51.708100317348716,47.199894685663786,42.125301945664944,36.71184340324296,
26.0,1.640625,1.6316374845885733,1.6047734074538997,1.560327097046736,1.498785516444892,1.420822928083845,1.327293506396398,1.2192219792988501,1.0977924010575018,0.9643351795423387,1.0253906250000002,1.0009534575693526,0.8872167611936969,0.8527627943697165,0.7717140452182242,0.6430950376818515,0.5969339560588006,0.506981006396398,0.6673023050462344,0.8203124999999997,0.9643351795423386,1.097792401057501,1.2192219792988495,1.327293506396398,1.4208229280838442,1.4987855164448918,1.560327097046736,1.6047734074538997,1.6316374845885733,
26.0,13.945312500000004,14.276827990150021,14.04176731522163,14.042943873420631,14.238462406226482,14.208229280838456,14.268405193761291,14.021052761936788,13.722405013218786,13.741776308478341,13.74023437500002,13.846522829709397,13.941977675900967,13.729480989352407,13.419249786294603,13.29063077875819,13.473652151041472,13.434996669504569,13.679697253447825,13.94531250000001,13.982860103363924,13.72240501321878,14.021052761936781,14.268405193761287,14.208229280838452,14.23846240622648,14.433025647682317,14.442960667085105,14.276827990150021,
26.0,37.73437500000006,41.606755857008686,44.53246205684577,47.199894685663786,49.45992204268141,51.504831143039304,52.75991687925672,53.64576708914926,54.06627575208177,54.00277005437074,53.525390624999744,53.05053325117537,52.599279413625965,53.2123983686707,53.24826912005869,52.39080906981601,51.50687277993112,50.06437438164398,48.37941711585174,46.14257812499979,43.39508307940511,40.06942263859874,36.5766593789655,32.518690906711804,28.06125282965597,27.727532054230537,29.256133069626348,30.49069474162414,34.264387176360096,
26.5,34.86328125000006,34.67229654750724,34.101434908395426,33.156950812243196,31.849192224454004,30.192487221781747,28.536810387522603,26.51807804975003,24.15143282326508,21.697541539702655,19.482421875000036,19.518592422602385,19.518768746261294,20.722135903184018,22.46545331635279,25.680928504762093,28.482277331948318,31.052586641779232,33.198289676050045,35.06835937499989,36.40365302772322,37.599389736219386,38.40549234791376,38.823335062094664,39.07263052230577,38.96842342756725,38.2280138776451,37.712175075166705,36.71184340324296,
26.5,20.507812500000018,21.61919667079862,22.868021056218097,23.40490645570107,23.60587188400708,23.798784045404428,23.559459738536102,23.165217606678183,22.50474422167882,21.456457744817072,20.50781250000004,19.018115693817716,17.49084472067572,15.690835416402736,13.719360803879468,9.217695540106503,8.101246546512307,6.8442435863513795,6.33937189793923,7.587890625,8.67901661588105,9.880131609517516,10.97299781368965,12.277464934166687,13.85302354881749,14.987855164448929,16.383434518990743,18.053700833856386,19.579649815062897,
26.5,2.87109375,3.2632749691771465,3.2095468149077995,3.120654194093472,3.3722674120010065,3.196851588188651,3.318233765990995,3.0480549482471253,3.018929102908129,3.1340893335126,3.076171875,3.169685948969615,3.0418860383783883,2.9846697802940088,2.872491168312284,2.6152531532395327,2.4730121036721737,2.2814145287837904,2.001906915138703,2.0507812499999987,1.9286703590846772,2.195584802115002,2.133638463772987,1.990940259594597,2.1312343921257666,2.248178274667338,2.3404906455701044,2.4071601111808496,2.8553655980300037,
26.5,36.91406250000006,40.7909371147144,44.131268704982304,46.809812911402105,49.08522566357019,50.79441967899739,52.09627012605853,53.036156099499834,53.517379551553034,53.279518669713994,53.11523437499975,52.383230946129146,51.965553155630474,52.5301881331749,52.56230107986468,51.704841029622,50.82466254443532,49.43064812364849,47.54528923454396,45.117187499999794,42.1896641049772,38.697182137276876,35.05263190484195,31.191397400315402,26.995635633593082,26.97813929600809,28.47596952110298,29.688308037897187,33.448568434065805,
27.0,28.71093750000004,28.14574660915293,27.682341278579813,26.915642424056237,25.854050158674422,24.509195509446357,23.227636361937,21.64119013255462,19.76026321903506,18.081284616418877,16.40625000000003,17.18303435494058,17.997825727072115,19.95464938825128,22.37970731132854,26.195404534907595,28.226448493637402,29.911879377387347,31.196382760911362,32.19726562499992,33.02847989932507,33.20822013198942,33.52860443071841,33.51416103650911,33.3893388099704,32.97328136178767,31.986705489458142,31.29308144535109,30.185293464888648,
27.0,22.148437500000025,20.80337792850433,19.257280889446818,17.553679841775796,15.737247922671378,13.853023548817495,12.94111168736489,16.15469122570978,19.21136701850631,22.179709129473824,24.814453125000014,27.02574335437246,29.02466261619367,30.784736876746575,32.15475188409309,31.04005381877773,29.249763846881052,27.50371959700448,26.35844104932621,26.455078124999982,26.519217437414344,26.347017625380076,25.90846706010059,25.550399998130697,25.219606973488272,24.72996102134075,24.185070004224443,23.67040775994505,23.2508341553872,
27.0,3.6914062499999996,3.67118434032429,4.011933518634749,3.90081774261684,3.7469637911122295,3.9072630522305722,3.6500571425900943,3.65766593789655,3.5678253034368796,3.61625692328377,3.6914062499999996,3.8369882540158495,3.6756122963738864,3.6668800157897836,3.5584592085062625,3.258348190921386,3.069946059730976,2.915140786779287,2.836034796446496,2.8710937499999982,2.6519217437414304,2.7444810026437527,2.743249453422411,2.654587012792796,2.4864401241467275,2.622874653778561,3.120654194093472,3.2095468149077995,3.2632749691771465,
27.5,41.83593750000007,42.422574599302976,42.52649529752842,42.12883162026194,43.839476356013115,45.821539430703986,47.45074285367117,48.768879171953905,49.40065804758744,49.42217795154468,49.21874999999979,49.38037057342112,49.050412368851205,48.26637416132616,46.945937750776274,44.24493859251225,42.89396855679667,41.065461518107995,40.53861503155856,41.01562499999984,40.98424513054928,40.61831883912748,40.23432531686201,41.47792207488744,42.62468784251535,43.090083597790674,43.299076943046984,43.32888200125536,42.830483970450125,
27.5,2.87109375,3.2632749691771465,3.2095468149077995,3.120654194093472,3.3722674120010065,3.196851588188651,3.318233765990995,3.0480549482471253,3.018929102908129,3.1340893335126,3.076171875,3.169685948969615,3.0418860383783883,2.9846697802940088,2.872491168312284,2.6152531532395327,2.4730121036721737,2.2814145287837904,2.001906915138703,2.0507812499999987,1.9286703590846772,2.195584802115002,2.133638463772987,1.990940259594597,2.1312343921257666,2.248178274667338,2.3404906455701044,2.4071601111808496,2.8553655980300037,
28.0,25.429687500000032,25.290381011122918,24.472794463672006,23.794988229962755,22.481782746673407,21.312343921257696,19.909402595946,18.288329689482772,16.74133411612692,14.947195282906268,13.33007812500002,12.178267067093804,11.280327392319878,10.06260097356266,8.874711520009548,6.988299409476105,7.333760031579561,9.886129624729774,12.178267067093795,14.560546875000012,16.634781847105362,18.662470817977546,20.421968153255758,21.900342855540597,23.0883725813625,23.980568263118297,24.96523355274781,25.275181167398955,25.698290382270063,
28.0,42.65625000000007,43.64630271274441,44.131268704982304,44.07924049157034,46.837047388902874,49.0183910188926,50.76897661966214,51.816934120201,52.419587150495545,52.31518349017166,51.679687499999766,50.548149607252014,48.92366711725211,46.64612485202364,43.901954572415384,39.82901933376336,38.54487830551096,36.88286821533776,36.534801201281184,37.11914062499988,37.36798820726555,37.324941635955014,37.49107586343963,38.15968830889648,39.07263052230577,39.7178161857897,40.56850452321521,41.32291524193799,42.014665228155835,
28.5,4.511718749999999,5.302821824912862,6.017900277952124,6.631390162448627,7.119231203113235,8.169731836482105,8.959231168175684,9.44897033956609,10.154579709781896,10.607686974965734,10.869140625000014,11.177313609524452,11.280327392319878,11.341745165117223,11.189853655664198,10.761123630542931,10.488982370747499,10.012874876328874,9.509057846908851,8.818359375000004,8.19684902610988,7.410098707138132,6.705720886143671,5.6409974021846905,4.972880248293455,4.121660170223452,4.290899516878524,4.413126870498224,4.079093711471433,
28.5,43.88671875000007,44.870030826185825,44.93365540870925,44.8594040400937,47.21174376801409,49.373596750913556,51.100799996261244,52.42654510985042,53.242931451288655,53.52060246459958,53.320312499999744,53.38418440369849,52.979515168423255,52.10380673599003,50.59014296430692,50.59014296430676,52.10380673598995,52.979515168423234,53.38418440369845,53.11523437499972,52.315183490171655,50.77289854890928,49.07368466677859,46.78709610047297,44.04551077059918,41.5912980813458,42.51891339452362,42.92768864939189,43.64630271274441,
28.5,8.613281249999996,8.97400616523715,9.628640444723397,10.142126130803781,10.866194994225467,11.011377692649797,11.281994804369388,11.277803308514368,11.252372110839401,11.089854564736905,10.664062500000012,10.343185728216655,9.759384373130679,9.124561899755982,8.360235489864069,7.202664422036721,6.822102354957732,6.337262579954981,5.838895169154553,5.332031249999996,4.580592102826107,3.842273403701254,3.352860443071836,3.3182337659909944,4.262468784251532,5.24574930755712,6.241308388186943,6.8202869816790725,7.750278051795721,
28.5,5.742187499999999,5.710731196060006,6.017900277952124,5.85122661392526,6.3698384448907905,6.748908908398261,6.968290908581088,7.315331875793098,7.684546807402511,7.7146814363387115,7.998046875000005,8.007627660554826,8.111696102342382,7.930693987638375,7.802886457206468,6.302331369282136,6.310444678335901,6.337262579954981,6.33937189793923,6.152343749999997,5.786011077254029,5.4889620052875046,5.4864989068448216,5.6409974021846905,5.328085980314415,5.620445686668343,5.461144839663576,5.616706926088648,5.710731196060006,
28.5,9.023437499999996,8.566096794090008,7.622673685406022,6.631390162448627,5.6204456866683445,5.328085980314417,4.645527272387393,4.267276927545974,4.116721503965631,4.098424513054939,4.921874999999999,5.672069592892999,6.590753083153182,7.419036311016544,8.2316164823277,9.646425565227732,10.318429811873557,10.900091637522573,11.177313609524441,11.484375000000007,11.813105949393657,11.801268311368146,11.887414298163788,11.613818180968487,11.721789156691719,11.240891373336689,10.922289679327152,10.431027148450344,9.789824907531436,
29.0,4.921874999999999,5.710731196060006,6.419093629815598,7.411553710971995,7.868623961335681,8.524937568503065,9.291054544774786,10.058581329215516,10.70347591031065,11.089854564736905,11.484375000000014,11.844615914570689,11.914053650315376,11.938679121176019,11.87582169585817,11.4470916707369,11.085916326806291,10.646601134324372,10.343185728216646,9.843750000000004,9.402268000537806,8.782339208460012,7.924942865442519,7.300114285180187,6.393703176377298,5.24574930755712,4.680981291140208,4.814320222361698,4.894912453765719,
29.0,41.83593750000007,43.64630271274441,45.33484876057272,46.02964936287874,46.462351009791654,46.53195089474589,45.791625970675696,44.806407739232675,43.362799841771235,41.466412720320456,38.964843749999886,36.2011500487581,32.953765415765716,29.93197408237687,29.839609748438324,31.81176786399598,33.93995921591444,35.61541569934677,37.20210350632742,38.34960937499986,39.05557477146463,39.24607833780562,39.31990883238789,38.49151168549557,37.65180759422194,36.345548773788686,35.10735968355162,37.712175075166705,39.97511837242011,
29.0,8.203124999999998,8.566096794090008,9.227447092859922,9.752044356542099,10.116802236003018,10.300966228607873,10.618348051171187,10.668192318864943,10.429027810046271,10.366603180080148,10.048828125000012,9.50905784690886,8.998912863536079,8.357075384823235,7.631394447157976,6.516696381842752,6.054615840024986,5.576791070360382,5.3384184403698764,4.921874999999996,4.580592102826107,4.116721503965628,3.657665937896548,2.986410389391895,3.5520573202096104,4.496356549334674,5.461144839663576,6.419093629815598,7.342368680648579,
29.0,6.562499999999998,6.526549938354292,6.8202869816790725,6.631390162448627,7.119231203113235,7.459320372440183,7.631937661779287,7.924942865442523,7.958994907666887,8.437932820995467,8.613281250000009,8.674929965601063,8.74542236033788,8.612904223134151,8.445981494888317,7.417029434597334,7.24848375214259,6.97098883795048,6.839848626723908,6.767578124999999,6.509262461910784,6.037858205816255,6.096109896494247,5.972820778783789,6.038497444356337,5.995142065779566,6.241308388186943,6.419093629815598,6.526549938354292,
29.0,9.843749999999996,8.97400616523715,8.425060389132971,7.411553710971995,6.3698384448907905,5.683291712335378,5.309174025585592,4.876887917195399,4.665617704494382,4.8216758977116925,5.537109375,6.339371897939235,7.224479341148682,8.10124654651232,8.91758452252167,10.332393605421702,11.000640047369323,11.533817895518071,12.011441490832235,12.50976562500001,13.018524923821584,13.173508812690027,13.106636277462641,13.272935063963986,12.787406352754605,12.36498051067036,12.092535002112205,11.233413852177296,10.605643649825723,
29.5,15.175781250000007,15.09264673244431,14.844154018948581,15.213189196205686,15.362551543560153,15.273846476901342,15.263875323558592,15.240274741235641,15.369093614805042,15.670446667563025,15.996093750000025,16.182080897371225,16.22339220468474,16.287769372461533,16.07737594204624,15.091296884267356,14.32641494541118,14.06872292750006,14.513825134755622,14.970703125000014,15.18827907779185,15.094645514540657,15.240274741235634,15.595698700157689,15.629052208922301,15.737247922671374,15.993352744729057,16.047734074539008,15.500556103591455,
29.5,4.511718749999999,5.302821824912862,6.017900277952124,6.631390162448627,7.119231203113235,8.169731836482105,8.959231168175684,9.44897033956609,10.154579709781896,10.607686974965734,10.869140625000014,11.177313609524452,11.280327392319878,11.341745165117223,11.189853655664198,10.761123630542931,10.488982370747499,10.012874876328874,9.509057846908851,8.818359375000004,8.19684902610988,7.410098707138132,6.705720886143671,5.6409974021846905,4.972880248293455,4.121660170223452,4.290899516878524,4.413126870498224,4.079093711471433,
29.5,41.01562500000007,43.238393341597266,44.53246205684577,45.63956758861706,46.08765463068044,45.821539430703986,45.45980259407659,44.50160224440796,42.81390364124249,40.743161335663714,38.349609374999886,35.533847743711874,32.19329390617113,29.249763846881102,29.15364170824432,31.168672826314104,33.257748980418675,34.98168944135128,36.367975625019625,37.32421874999987,37.85015579703672,37.87383783648376,37.79588135826434,37.16421817909919,36.23098466613809,35.221459636455016,34.71727790928994,37.31098172330323,39.56720900127297,
29.5,8.613281249999996,8.97400616523715,9.628640444723397,10.142126130803781,10.866194994225467,11.011377692649797,11.281994804369388,11.277803308514368,11.252372110839401,11.089854564736905,10.664062500000012,10.343185728216655,9.759384373130679,9.124561899755982,8.360235489864069,7.202664422036721,6.822102354957732,6.337262579954981,5.838895169154553,5.332031249999996,4.580592102826107,3.842273403701254,3.352860443071836,3.3182337659909944,4.262468784251532,5.24574930755712,6.241308388186943,6.8202869816790725,7.750278051795721,
29.5,5.742187499999999,5.710731196060006,6.017900277952124,5.85122661392526,6.3698384448907905,6.748908908398261,6.968290908581088,7.315331875793098,7.684546807402511,7.7146814363387115,7.998046875000005,8.007627660554826,8.111696102342382,7.930693987638375,7.802886457206468,6.302331369282136,6.310444678335901,6.337262579954981,6.33937189793923,6.152343749999997,5.786011077254029,5.4889620052875046,5.4864989068448216,5.6409974021846905,5.328085980314415,5.620445686668343,5.461144839663576,5.616706926088648,5.710731196060006,
29.5,10.664062499999996,10.605643649825723,10.431027148450346,10.142126130803781,9.742105856891795,9.235349032544987,8.959231168175684,8.229748360267235,7.684546807402511,7.2325138465675405,6.767578125000003,6.339371897939235,6.210517328355882,7.16320747270563,8.060124472279208,9.517806557691364,9.977324694125674,10.393110631126174,10.676836880739765,10.869140625000007,10.848770769851317,10.977924010575018,10.668192318864937,10.618348051171186,10.300966228607871,10.49149861511424,10.532207905065468,10.83222050031382,10.605643649825723,
30.0,15.996093750000009,15.500556103591455,15.646540722675532,15.603270970467372,15.737247922671378,15.984257940943264,15.92752207675679,15.849885730885067,15.917989815333794,16.39369805221978,16.61132812500003,16.6825576261559,16.983863714279327,16.9699796079573,16.76334398224021,15.777264924461326,14.923348901469975,14.702449185495553,15.181127439801857,15.585937500000014,15.670446667563022,15.64354171506941,15.84988573088506,16.25934545335589,16.339463672964225,16.486640680893824,16.773516293252428,16.448927426402484,16.316374845885743,
30.0,6.972656249999998,6.934459309501435,6.8202869816790725,6.631390162448627,5.995142065779567,5.683291712335378,5.97282077878379,6.400915391318962,6.586754406345009,7.2325138465675405,7.587890625000004,7.840802084293268,8.111696102342382,8.186522825949291,8.2316164823277,8.102997474791303,7.930693987638364,7.604715095945979,7.673976508031702,7.79296875,7.71468143633871,7.410098707138132,7.620137370617807,7.631937661779286,7.814526104461142,7.86862396133568,7.801635485233678,7.6226736854060215,7.342368680648579,
30.0,2.87109375,2.8553655980300037,2.808353463044325,2.7305724198317884,2.622874653778561,2.4864401241467284,2.322763636193697,2.133638463772988,2.1955848021150035,2.4108379488558467,2.666015625,3.0028603727080565,3.0418860383783883,3.2404986186049243,3.3440941959456443,3.4727132034820034,3.4963274569158345,3.5488670447747857,3.670162677754288,3.896484374999997,3.857340718169353,4.116721503965628,3.96247143272126,3.981880519189193,3.9072630522305714,3.746963791112229,3.510735968355156,3.610740166771274,3.2632749691771465,
30.5,15.175781250000007,15.09264673244431,15.245347370812057,14.823107421944002,14.238462406226482,13.853023548817495,14.60022857036039,14.935469246410928,15.369093614805042,15.670446667563025,15.996093750000025,16.182080897371225,16.22339220468474,16.287769372461533,16.07737594204624,14.96267787673099,14.070586107100269,14.06872292750006,14.513825134755622,15.175781250000014,15.670446667563022,15.917989815333787,16.45949672053449,16.59116882995499,17.049875137006147,16.861337060005045,16.773516293252428,16.448927426402484,15.9084654747386,
30.5,6.562499999999998,6.118640567207149,6.017900277952124,5.85122661392526,5.6204456866683445,5.328085980314417,5.309174025585592,5.791304401669536,6.312306306080634,6.509262461910785,6.9726562500000036,7.173499779247031,7.477969844346882,7.504312590453517,7.588521444645853,7.417029434597334,7.24848375214259,6.97098883795048,7.173499779247026,7.177734374999999,6.991430051681954,6.861202506609381,7.010526380968382,7.300114285180187,7.10411464041922,7.119231203113234,7.021471936710311,6.8202869816790725,6.526549938354292,
30.5,2.05078125,2.0395468557357166,2.005966759317375,1.9504088713084202,1.8734818955561152,1.7760286601048059,1.6591168829954976,1.5240274741235627,1.646688601586253,1.9286703590846774,2.05078125,2.335558067661822,2.4081597803828907,2.5582883831091494,2.658126155751665,2.8296181658001505,2.899393500857032,2.915140786779287,2.836034796446496,2.8710937499999982,2.6519217437414304,2.7444810026437527,2.743249453422411,2.654587012792796,2.4864401241467275,2.622874653778561,2.7305724198317884,2.4071601111808496,2.44745622688286,
31.0,11.894531249999998,12.2372811344143,12.035800555904249,12.482616776373892,12.739676889781585,13.49781781679653,13.93658181716219,14.021052761936788,14.545749314011914,14.947195282906268,15.175781250000023,15.34795301606343,15.462920695090148,15.179177739780911,14.876931871706793,12.819027751124837,11.853402841739028,11.153582140720774,11.51096476204756,11.894531250000009,12.054189744279244,12.3501645118969,12.497025287813218,12.941111687364886,13.142612084775568,13.114373268892809,12.872698550635576,12.838187259631201,12.2372811344143,
31.5,11.894531249999998,11.829371763267156,12.035800555904249,11.702453227850521,11.615587752447913,12.076994888712685,12.60928831076579,13.106636277462647,13.44795691295441,13.982860103363928,14.355468750000021,14.513825134755635,14.57570393389646,14.411691224848173,14.105217826488575,11.918694698370254,11.427021444554175,11.533817895518071,11.51096476204756,11.689453125000009,12.054189744279244,12.075716411632522,12.497025287813218,12.609288310765788,12.432200620733644,12.36498051067036,12.482616776373892,12.436993907767723,12.2372811344143,
32.0,11.894531249999998,12.2372811344143,12.436993907767727,12.872698550635576,12.739676889781585,13.14261208477557,13.272935063963988,13.716247267112074,13.722405013218786,13.741776308478341,13.74023437500002,13.346046100924719,13.054760914707273,12.450336797797844,11.7472026883218,9.90366358030047,8.78345678200808,8.745422360337876,8.674929965601056,9.023437500000004,9.402268000537806,9.605683509253138,10.05858132921551,10.618348051171186,10.656171960628832,11.240891373336689,11.312371453588836,11.634607204040773,11.829371763267156,
32.5,15.175781250000007,15.500556103591455,15.245347370812057,14.823107421944002,14.987855164448929,14.91864074488038,14.932051946959492,14.935469246410928,14.82019741427629,15.188279077791854,15.380859375000025,15.514778592324987,15.716411198288345,16.11721681358759,16.33461395711898,16.334613957118925,16.202493093024536,16.47688270788293,16.68255762615589,16.816406250000018,16.875865641990945,16.741334116126914,16.764302215359198,16.92299220655409,16.694669404985184,16.861337060005045,16.773516293252428,16.448927426402484,15.9084654747386,
33.0,15.996093750000009,15.9084654747386,16.047734074539008,15.603270970467372,15.362551543560153,15.629052208922303,15.59569870015769,15.240274741235641,15.369093614805042,15.670446667563025,15.996093750000025,16.182080897371225,16.350137456283836,16.799427049083356,17.020581997312952,17.020581997312892,16.884703328520303,17.11060896587842,17.183034354940567,17.226562500000018,17.358033231762118,17.290230316655666,17.373913205008627,17.254815583153192,17.40508086902711,17.236033439116273,17.163598067514112,16.850120778265957,16.72428421703289,
33.5,21.32812500000002,21.61919667079862,21.664441000627672,21.064415810130964,20.60830085111729,20.60193245721577,20.573049349144195,20.117162658431052,20.034711319299436,20.009954975503558,19.687500000000036,19.35176684634083,19.265278243063097,19.0166103144446,18.478264082725147,17.49218502494625,17.396361005142126,17.61758997227481,18.017162236248357,18.45703125000002,19.045619795961212,19.76026321903505,20.117162658431045,20.573049349144192,20.601932457215767,21.357693609339734,21.454497584392644,21.66444100062767,21.61919667079862,
34.0,22.148437500000025,22.43501541309291,22.06563435249115,21.84457935865433,21.357693609339737,20.957138189236737,20.9048727257433,20.726773648080478,20.58360751982819,20.49212256527473,20.30273437500004,20.019069151387058,19.89900450105859,19.698820549940365,19.16423212291915,18.17815306514022,18.078571240637892,18.251316230270305,18.684464541294584,19.072265625000025,19.527787385732385,20.3091594195638,20.726773648080467,20.904872725743292,21.312343921257693,21.732389988450958,22.234661132916017,22.46682770435462,22.43501541309291,
34.5,22.148437500000025,22.027106041945764,21.664441000627672,21.064415810130964,20.60830085111729,20.246726725194808,20.241225972545095,20.42196815325577,20.309159419563812,20.009954975503558,19.687500000000036,19.685417998863944,19.518768746261294,19.613544270503397,19.50721614301615,18.22102606765234,17.822742402326977,18.251316230270305,18.35081338877147,18.66210937500002,18.80453600107563,19.211367018506298,19.81235716360633,19.909402595945995,20.246726725194804,20.608300851117285,21.454497584392644,22.065634352491145,22.027106041945764,
34.5,23.378906250000025,24.066652897681482,24.07160111180853,24.575151778486127,24.72996102134075,25.21960697348828,25.550399998130704,25.60366156527589,25.798121424851335,25.795966052757606,26.25,26.692092201849345,27.123483842207193,27.28840941983077,27.095737587662313,27.267229597710724,27.54423825814164,27.50371959700448,27.69304565941866,27.685546874999964,27.483552616956672,27.1703619261732,26.51807804975002,26.214046751328897,25.930018437530197,25.479353779563194,24.96523355274781,24.472794463672,24.066652897681482,
35.0,22.148437500000025,22.027106041945764,21.664441000627672,21.064415810130964,20.60830085111729,20.246726725194808,20.241225972545095,20.42196815325577,20.309159419563812,20.251038770389144,20.09765625000004,20.019069151387058,20.02574975265769,20.12520194712522,20.107438178185905,18.821248102822086,18.334400078948804,18.6315519850676,18.684464541294584,18.86718750000002,18.80453600107563,18.662470817977546,18.89794067913219,19.245755842747794,19.89152099317384,20.608300851117285,21.454497584392644,22.065634352491145,22.027106041945764,
35.0,24.19921875000003,24.474562268828628,24.87398781553548,25.355315327009496,25.4793537795632,25.57481270550924,25.882223374729804,26.213272554925318,26.347017625380087,26.51921743741435,26.865234374999993,27.359394506895573,27.757210100202688,27.885343375889565,27.781705627856315,27.9103246353926,28.226448493637402,28.137445854999974,28.193522388203334,28.30078124999996,27.96572020672784,27.444810026437576,27.12768903939945,26.877693504527098,26.285224169551157,26.22874653778564,25.74539710127118,24.87398781553548,24.474562268828628,
35.5,21.32812500000002,21.211287299651474,20.86205429690072,20.28425226160759,19.85890809289484,19.89152099317385,19.909402595946,20.117162658431052,20.034711319299436,19.52778738573239,19.482421875000036,19.35176684634083,19.265278243063097,19.442991711629453,19.4214701379919,18.135280062628095,17.652189843453037,17.997825727072108,18.183987812509912,18.25195312500002,18.32236841130446,18.113574617448794,18.288329689482765,18.913932466148694,19.536315261152883,20.23360447200606,20.67433403586928,21.263247648764196,21.61919667079862,
35.5,26.660156250000036,27.32992786685864,28.484727982306765,29.646214843888032,30.35040670800911,31.258104417844635,31.855044153513607,32.30938245141958,32.65932393146069,32.787396104439495,33.427734374999936,33.69876640483474,33.967727428558504,34.02523549535147,33.569560966993215,31.81176786399598,31.808052229990174,31.432822396576526,30.69590603212669,29.736328124999947,29.171139181155752,28.268154327230704,27.73730002904887,27.8731636343244,27.706047097635004,27.727532054230537,27.695805972579606,27.281147926716333,27.32992786685864,
36.0,11.894531249999998,12.2372811344143,12.838187259631201,12.872698550635576,13.11437326889281,13.14261208477557,12.94111168736489,12.497025287813221,12.075716411632529,11.572022154508074,10.869140625000014,10.176360151955096,9.25240336673428,8.357075384823235,7.28841042706099,5.444871319039676,5.031300486781325,5.069810063963983,5.004767287846758,5.126953124999996,5.30384348748286,5.4889620052875046,6.096109896494247,7.300114285180187,8.169731836482102,8.992713098669348,10.142126130803781,10.83222050031382,11.421462392120011,
36.0,27.480468750000036,28.961565351447216,30.089501389760667,30.81646016667309,31.474495845342783,31.96851588188656,32.51869090671181,32.61418794624429,32.93377203172507,33.02847989932508,33.01757812499994,32.864638523526956,32.70027491256752,32.660815024359934,32.240497889117336,30.911434811241353,30.699460597309557,30.165369880585544,29.528126998295793,28.505859374999957,27.96572020672784,27.1703619261732,26.822883544574733,27.209516881126202,26.995635633593082,27.352835675119316,27.695805972579606,27.682341278579806,27.737837238005785,
36.5,11.074218749999996,11.829371763267156,12.035800555904249,12.092535002112205,12.364980510670362,12.432200620733646,12.277464934166687,11.887414298163794,11.526820211103775,11.089854564736905,10.253906250000012,9.50905784690886,8.61867710873878,7.674865149327461,6.602442386867019,4.7589032788457075,4.349090251285552,4.436083805968484,4.337464982800522,4.5117187499999964,4.821675897711692,4.9400658047587545,5.4864989068448216,6.636467531981989,7.45932037244018,8.618016719558124,9.361962582280414,10.02983379658687,10.605643649825723,
36.5,26.660156250000036,28.14574660915293,29.287114686033714,30.036296618149716,30.72510308712033,31.613310149865594,31.855044153513607,32.00457695659487,32.384875831196325,32.54631230955391,32.40234374999994,32.19733621848073,32.06654865457203,31.978604788864168,31.554529848923337,29.753863743413973,29.761421523502875,29.531643622590053,28.860824693249565,27.890624999999964,27.483552616956672,26.621465725644452,26.51807804975002,26.545870127927998,26.640429901572123,26.97813929600809,26.915642424056237,26.879954574852857,26.922018495711495,
37.5,30.761718750000043,30.593202836035793,30.089501389760667,30.036296618149716,29.601013949786662,29.482075757739825,29.532280517319904,29.870938492821875,30.46373912934571,30.617641950469253,31.37695312499995,31.69685948969606,31.686312899774737,31.722775950553256,31.38303783887483,32.11187888158086,33.08719642154474,33.7142369253603,34.03241755735783,34.04296874999991,33.9928150788674,33.48266823225379,32.61418794624428,31.523220776914503,30.19248722178174,29.60101394978666,30.036296618149716,30.49069474162414,31.00111220718294,
38.0,31.582031250000046,31.409021578330083,30.891888093487616,30.81646016667309,30.35040670800911,30.192487221781747,30.19592727051811,30.480549482471304,31.012635329874456,31.340893335125998,31.992187499999943,32.36416179474229,32.320039157770225,32.40498618604902,32.06900587906883,32.797846921774855,33.7694066570405,34.34796318335579,34.86654543866562,34.8632812499999,34.71606646352414,34.03156443278254,33.2237989358937,32.18686753011271,30.90289868582366,30.350406708009103,30.81646016667309,31.29308144535109,31.409021578330083,
38.5,34.86328125000006,35.89602466094867,36.10740166771281,35.88752323207499,36.34554877378869,36.230984666138106,36.168748049301904,36.576659378965516,36.50159733516191,36.40365302772323,35.683593749999915,35.033371014927205,34.3479631833558,34.02523549535147,33.569560966993215,33.741052977041605,34.28106433366232,34.47470843495489,34.19924313361939,33.83789062499991,33.269563694210646,32.11042773093193,31.090160472120715,30.195927270518105,30.90289868582366,31.474495845342776,32.37678726371983,33.299048204668466,34.264387176360096,
39.0,35.68359375000006,36.30393403209581,36.50859501957628,36.27760500633668,36.34554877378869,36.230984666138106,35.8369246727028,35.9670483893161,35.952701134633166,35.68040164306648,35.06835937499992,34.36606870988098,33.71423692536031,33.3430252598557,32.88359292679921,32.75497391926273,33.001920142107764,32.95376541576571,32.864638523526935,32.812499999999915,32.30522851466832,31.561531530403187,31.394965966945428,31.523220776914503,32.323721613907516,32.97328136178767,33.54703258650488,34.5026282602589,35.080205918654386,
39.5,35.68359375000006,35.080205918654386,34.90382161212238,34.71727790928994,34.846763257343795,34.810161738054255,34.84145454290551,35.05263190484197,35.12935683384005,34.71606646352415,34.24804687499993,33.69876640483474,33.33400117056301,33.08719642154479,32.45486290167796,32.0261328765566,32.23443362717503,32.06654865457202,32.03051064221915,31.787109374999925,31.34089333512599,31.012635329874442,32.00457695659485,33.182337659910004,34.09975027401232,34.84676325734379,35.10735968355162,35.706208315849324,35.89602466094867,
40.0,34.45312500000005,33.448568434065805,32.49666150094153,31.206541940934773,30.72510308712033,30.902898685823672,30.859574023716306,31.09016047212073,31.287083430138832,31.823060924897163,31.992187499999943,32.19733621848073,32.06654865457203,31.978604788864168,31.554529848923337,30.697069798680726,30.2730792001247,29.911879377387347,30.19542930334202,30.35156249999994,30.858725745354825,31.012635329874442,31.699771461770144,32.85051428331091,33.3893388099704,34.09737049912135,34.32719613502825,34.90382161212238,34.67229654750724,
40.5,34.86328125000006,35.48811528980152,35.305014963985855,34.71727790928994,34.09737049912135,33.389338809970404,33.18233765991001,32.918993441069006,33.20822013198944,33.75173128398182,33.632812499999936,33.531940828573184,33.33400117056301,32.83136758323388,31.983259874044585,30.52557778863223,30.01725036181379,29.531643622590053,29.694952574557348,29.736328124999947,30.13547436069808,30.189291029081325,29.870938492821864,30.5277506471172,31.613310149865587,32.59858498267645,33.54703258650488,34.5026282602589,35.080205918654386,
41.0,33.63281250000005,33.85647780521295,33.70024155653195,33.156950812243196,32.22388860356523,31.613310149865594,31.191397400315406,31.09016047212073,31.5615315304032,31.823060924897163,31.992187499999943,32.03051064221918,32.06654865457203,31.722775950553256,31.082926821289956,29.66811773838973,28.908658729133172,29.02466261619366,29.361301422034238,29.736328124999947,30.13547436069808,30.189291029081325,30.48054948247129,31.191397400315402,31.613310149865587,31.849192224454,32.766869037981515,33.299048204668466,33.85647780521295,
41.5,34.86328125000006,36.30393403209581,37.310981723303236,37.837932103383416,38.59372704845603,39.427836254326735,40.15062856849106,40.234325316862034,40.618318839127504,40.9842451305493,41.015624999999865,40.538615031558585,39.54451849891883,38.630154584947995,37.2995121855481,34.85575104235686,33.854682936477474,32.446784409369315,30.529080455865135,29.53124999999995,29.171139181155752,28.81705052775946,30.48054948247129,32.18686753011271,33.3893388099704,34.09737049912135,34.71727790928994,35.30501496398585,35.48811528980152,
42.0,34.45312500000005,35.89602466094867,36.90978837143976,37.44785032912173,37.84433429023359,38.717424790284824,39.486981815292864,39.92951982203732,40.34387073886313,40.743161335663714,40.810546874999865,40.538615031558585,39.79800900211703,39.05653598213287,37.85686121820573,35.41310007501448,34.19578805422535,32.57352966096841,30.86273160838825,29.53124999999995,28.93005538627017,28.268154327230704,30.175743987646577,31.523220776914503,32.67892734592847,33.3479777408989,33.93711436076657,34.5026282602589,34.67229654750724,
42.5,38.964843750000064,42.422574599302976,44.93365540870925,47.199894685663786,48.71052928445897,50.084008214955475,51.432623372860334,52.12173961502571,52.96848335102428,54.00277005437074,54.34570312499974,54.05148670874472,53.10626042002236,51.76270161824213,49.73268291406441,48.017762813579246,48.35165044076306,48.0364503560584,47.71211481080551,47.16796874999978,46.047004823146516,44.4605922428287,42.977574770284406,41.14609869828834,38.71742479028482,35.970852394677465,33.156950812243196,32.897854852805,35.89602466094867,
43.0,38.554687500000064,41.606755857008686,44.131268704982304,46.419731137140424,48.33583290534776,49.72880248293452,50.76897661966214,51.51212862537629,52.69403525075991,53.76168625948516,54.14062499999974,54.05148670874472,53.35975092322055,52.10380673599003,50.247158944209914,48.53223884372475,48.69275555851095,48.2899408592566,47.87894038706707,46.96289062499978,45.80592102826094,44.18614414256433,42.36796378063498,40.48245194509015,38.0070133262429,35.596156015566244,32.766869037981515,32.095468149078044,35.080205918654386,
43.5,44.707031250000064,48.94912453765722,52.957522445978675,55.78169371942076,58.452635141350676,60.740180175584214,62.38279480063051,63.39954292353997,63.397511161070454,62.92287046513729,62.138671874999666,60.89133533546856,59.443522999977525,57.56148861995642,55.048935225567945,51.91920604218264,51.251043941620196,50.06437438164398,48.87989384463641,46.96289062499978,44.8415858487186,42.539455540978096,39.92951982203731,36.50057142590099,33.034133077949434,30.350406708009103,33.93711436076657,37.712175075166705,41.198846485861544,
44.0,43.06640625000007,47.72539642421581,51.352749038524784,54.611448396635716,57.32854600401702,59.67456297952133,61.38732467083322,62.18032094424113,62.57416686027733,62.44070287536612,61.728515624999666,60.72450975920701,59.443522999977525,57.81731745826735,55.520538253201316,52.39080906981601,51.50687277993112,50.06437438164398,48.546242692113296,46.55273437499978,44.11833446406186,41.71611124018498,38.71029784273847,35.5051012961037,31.96851588188655,29.226317570675434,32.766869037981515,36.508595019576276,39.97511837242011,
44.5,43.06640625000007,47.72539642421581,51.352749038524784,54.611448396635716,57.32854600401702,59.67456297952133,61.38732467083322,62.18032094424113,62.57416686027733,62.199619080480545,61.52343749999967,60.39085860668389,58.93654199358111,57.22038350220853,54.92031621803157,51.747714032134134,50.99521510330928,49.68413862684668,48.212591539590186,46.34765624999979,44.11833446406186,41.71611124018498,38.71029784273847,35.5051012961037,31.96851588188655,29.226317570675434,32.766869037981515,36.508595019576276,39.97511837242011,
45.0,28.30078125000004,28.14574660915293,29.287114686033714,30.4263783924114,33.347977740898905,35.87577893411714,37.82786493229738,39.624714327212615,40.89276693939188,41.70749651520604,42.24609374999985,42.20687079417416,41.69918777610351,40.76206157087237,39.40028930864224,36.57067114284186,35.13382712803203,33.334001170563006,31.363208337172917,28.916015624999954,26.27813364252876,24.425880923529444,25.298856070451166,25.882223374729797,26.285224169551157,26.97813929600809,27.695805972579606,28.083534630443282,28.55365598030007,
45.5,27.480468750000036,27.737837238005785,28.885921334170238,29.646214843888032,32.59858498267645,35.16536747007522,37.496041555698284,39.01510333756319,40.34387073886313,41.22532892543487,41.63085937499986,41.53956848912793,41.06546151810801,40.16512761481354,38.71432126844824,35.88470310264786,34.451616892536265,32.57352966096841,30.529080455865135,28.09570312499996,25.554882257872016,24.15143282326506,24.68924508080174,25.550399998130697,25.930018437530197,26.22874653778564,26.915642424056237,27.682341278579806,27.737837238005785,
52.5,20.097656250000018,19.579649815062897,19.65847424131029,20.28425226160759,20.982997230228513,22.37796111732058,24.2231064917343,25.908467060100605,27.44481002643759,28.68897159138459,29.32617187499997,29.86177815081893,30.165369880585555,29.93197408237687,29.49662572834132,28.51054667056235,27.97061965532649,27.50371959700448,27.85987123568022,27.890624999999964,27.724636411842255,27.1703619261732,26.51807804975002,25.882223374729797,24.864401241467313,23.605871884007076,21.84457935865433,20.46086094503724,19.987559186210042,
53.5,20.097656250000018,19.579649815062897,19.65847424131029,20.28425226160759,20.982997230228513,22.37796111732058,24.2231064917343,25.908467060100605,27.44481002643759,28.68897159138459,29.32617187499997,29.86177815081893,30.165369880585555,29.93197408237687,29.49662572834132,28.51054667056235,27.97061965532649,27.50371959700448,27.85987123568022,27.890624999999964,27.724636411842255,27.1703619261732,26.51807804975002,25.882223374729797,24.864401241467313,23.605871884007076,21.84457935865433,20.46086094503724,19.987559186210042,
53.0,7.792968749999998,8.566096794090008,9.628640444723397,10.532207905065468,11.24089137333669,11.721789156691722,12.277464934166687,12.497025287813221,12.899060712425657,13.018524923821587,12.919921875000018,12.84556937214004,12.547779908310874,12.194507959486932,11.618583680785433,10.203774597885332,9.295114458629909,8.365186605540577,7.507150931770144,6.562499999999998,5.544927282368445,4.665617704494379,3.352860443071836,2.3227636361936965,3.1968515881886495,4.121660170223452,5.071063065401892,6.017900277952123,6.934459309501435,
52.5,6.972656249999998,8.158187422942865,8.826253740996446,9.752044356542099,10.491498615114242,11.36658342467076,11.613818180968488,12.192219792988508,12.350164511896905,12.536357334050415,12.304687500000018,12.178267067093804,11.914053650315376,11.512297723991166,10.932615640591461,9.517806557691364,8.612904223134137,7.731460347545079,6.673023050462349,5.5371093749999964,4.339508307940522,3.293377203172503,2.438443958597699,1.990940259594597,2.4864401241467275,3.3722674120010065,4.290899516878524,5.215513574225173,6.118640567207149,
53.0,20.507812500000018,20.395468557357187,20.05966759317377,21.064415810130964,21.357693609339737,22.733166849341547,24.8867532449325,26.51807804975003,27.993706226966342,29.171139181155755,29.941406249999964,30.52908045586516,30.79909613858105,30.61418431787263,30.182593768535323,29.19651471075635,28.652829890822257,28.137445854999974,28.52717354072645,28.505859374999957,28.206804001613424,27.719258126701952,27.12768903939945,26.214046751328897,25.219606973488272,23.980568263118297,22.6247429071777,20.86205429690072,20.80337792850433,
