0.5,16.40625,16.31637485,15.64654072,15.60327097,15.73724792,15.27384648,15.26387532,14.93546925,15.09464551,15.91153046,16.40625,16.68255763,16.98386371,16.96997961,16.76334398,16.76334398,16.96997961,16.98386371,17.18303435,17.2265625,17.35803323,17.56467842,17.6787187,17.58663896,17.40508087,17.23603344,16.77351629,16.85012078,16.72428422
1,17.2265625,16.72428422,16.44892743,16.38343452,16.1119443,15.98425794,15.92752208,15.54508024,15.64354172,16.39369805,17.02148438,17.34985993,17.61758997,17.65218984,17.44931202,17.44931202,17.65218984,17.61758997,17.85033666,17.84179688,17.84020082,18.11357462,18.28832969,18.25028571,18.11549233,17.61072982,17.16359807,17.65250748,17.54010296
1.5,18.046875,17.13219359,16.44892743,15.99335274,15.36255154,14.91864074,15.26387532,15.84988573,16.74133412,17.84020082,18.66210938,19.35176685,19.77225925,20.03992567,20.02169217,20.32180319,20.55158334,20.65947601,20.85319703,20.91796875,20.97429016,20.85805562,21.03157914,20.90487273,20.24672673,19.85890809,19.11400694,18.85608754,18.3559217
2,16.40625,16.72428422,16.85012078,16.77351629,16.48664068,16.33946367,16.59116883,17.06910771,17.56467842,18.32236841,19.07226563,19.51859242,19.77225925,19.78409683,19.55008915,19.12135912,19.27243915,19.77225925,19.85224358,20.09765625,20.25103877,20.03471132,20.11716266,19.9094026,19.53631526,19.48421171,19.11400694,18.45489419,17.54010296
2.5,17.2265625,17.54010296,18.05370083,18.33384339,19.10951533,19.18110953,19.24575584,19.20274617,19.48581512,20.00995498,20.5078125,20.68637146,20.65947601,20.80741218,20.79340622,20.62191421,20.89268846,21.41994752,21.68732491,21.94335938,22.17970913,21.95584802,21.94599563,21.56851948,21.31234392,20.98299723,20.28425226,19.65847424,18.3559217
3,17.2265625,17.94801233,18.45489419,18.72392516,18.73481896,18.8259038,18.25028571,17.98352419,17.83912652,18.32236841,18.45703125,18.35081339,18.25131623,18.2491238,18.13528006,18.56401009,19.10188659,19.8990045,20.68637146,21.12304688,21.45645774,21.40695182,21.33638464,20.90487273,20.95713819,20.60830085,19.89417049,19.25728089,18.3559217
3.5,18.45703125,19.57964982,20.05966759,20.28425226,20.23360447,20.24672673,21.2366961,21.64119013,22.23029612,22.42079292,22.55859375,22.35462722,21.92692853,22.59821405,23.06567535,24.05175441,24.64484476,25.34905032,25.85796432,26.25,26.27813364,26.07256953,25.60366157,24.55492987,23.79878405,22.85647913,21.84457936,20.46086095,19.17174044
4,19.27734375,19.98755919,20.46086095,20.67433404,20.60830085,20.60193246,21.2366961,21.64119013,22.23029612,22.42079292,22.55859375,22.35462722,21.92692853,22.59821405,23.06567535,23.62302438,23.79208196,23.70136205,23.52240625,23.58398438,23.6262119,23.05364042,22.86041211,22.23216623,22.02275539,21.73238999,21.06441581,20.46086095,19.17174044
4.5,27.48046875,28.55365598,29.68830804,30.03629662,30.72510309,31.25810442,31.1913974,30.78535498,30.18929103,29.41222298,28.30078125,27.02574335,25.34905032,24.38901592,23.58015138,23.32291337,23.79208196,24.0815978,24.35653413,24.81445312,25.07271467,24.97477712,24.68924508,24.55492987,24.50919551,24.35526464,23.79498823,24.47279446,26.10619975
5,28.30078125,29.36947472,30.08950139,30.81646017,31.09979947,31.61331015,31.52322078,31.09016047,30.18929103,29.41222298,28.30078125,27.02574335,25.34905032,24.38901592,23.58015138,22.03672329,21.40434614,21.92692853,22.02097607,22.1484375,21.69754154,21.40695182,21.03157914,21.2366961,22.02275539,22.48178275,23.40490646,25.27518117,26.9220185
5.5,27.48046875,28.55365598,29.28711469,29.64621484,29.97571033,30.19248722,29.86410389,29.566133,28.81705053,27.96572021,26.66015625,25.02383644,24.71532406,23.96263452,23.58015138,21.77948528,22.08655637,22.56065478,22.68827837,22.55859375,22.42079292,21.68139992,21.64119013,21.56851948,22.02275539,22.48178275,23.40490646,24.87398782,26.51410912
6,22.1484375,22.84292478,23.26921441,23.40490646,23.60587188,23.79878405,24.55492987,25.29885607,25.52367332,25.79596605,25.63476563,25.35748759,25.09555982,24.55956848,24.18037342,22.72269133,22.00128009,21.29320227,20.3527203,19.6875,20.25103877,20.30915942,20.72677365,20.57304935,20.95713819,20.98299723,21.45449758,22.06563435,22.02710604
6.5,22.1484375,22.02710604,22.06563435,23.79498823,25.1046574,26.28522417,27.20951688,28.34691102,29.09149863,29.41222298,29.53125,29.36130142,28.77117211,28.14117221,27.52446761,25.03783347,24.4742922,23.70136205,22.68827837,21.73828125,21.93862533,21.95584802,21.94599563,21.56851948,21.31234392,20.98299723,21.45449758,22.06563435,22.02710604
7,21.328125,20.80337793,20.46086095,21.84457936,22.85647913,23.44357831,24.22310649,24.99405058,25.52367332,25.79596605,25.83984375,25.69113874,25.09555982,24.4742922,24.00888141,23.58015138,23.6215294,23.44787155,23.35558068,23.37890625,23.3851281,23.32808852,23.16521761,22.89581299,22.37796112,22.10708637,22.23466113,22.06563435,22.02710604
7.5,23.37890625,24.47456227,25.67637452,26.13547888,26.60344292,26.99563563,27.20951688,26.82288354,26.89591383,27.00138503,26.66015625,26.35844105,26.23626708,25.92398895,25.76667451,25.33794448,25.07122615,24.58857881,24.18970856,23.7890625,23.3851281,23.05364042,22.55560662,21.90034286,20.95713819,20.23360447,19.50408871,21.26324765,22.43501541
8,24.19921875,25.29038101,26.07756787,26.52556065,26.60344292,26.99563563,26.8776935,26.51807805,26.34701763,26.27813364,26.04492188,25.69113874,25.60254082,25.24177871,25.08070647,24.78059545,24.64484476,24.71532406,24.69018529,24.40429688,23.86729569,23.60253662,23.16521761,22.89581299,22.37796112,21.35769361,21.06441581,22.06563435,23.25083416
8.5,26.25,26.9220185,27.68234128,28.08588775,28.10222843,28.41645856,28.86863376,28.65171651,28.54260243,28.206804,27.48046875,27.02574335,26.61650284,26.5209229,26.02391252,25.76667451,25.92398895,26.23626708,26.35844105,26.25,26.03704985,26.07256953,25.60366157,25.21857662,24.15398978,23.2311755,23.01482468,24.47279446,25.29038101
9,24.609375,26.51410912,28.08353463,29.25613307,30.35040671,30.54769295,30.85957402,30.78535498,30.46373913,29.89439057,29.12109375,28.36034796,27.88395535,27.54423826,26.92424558,25.93816652,25.66816011,25.72928607,26.0247899,26.66015625,27.24246882,27.71925813,27.73730003,27.54134026,26.99563563,26.60344292,25.7453971,25.27518117,24.47456227
9.5,24.609375,25.29038101,26.47876122,27.69580597,28.47692481,28.77166429,28.86863376,28.95652201,28.54260243,27.96572021,27.890625,27.69304566,27.5037196,27.54423826,27.2672296,26.23827754,26.17981779,26.23626708,26.35844105,26.86523437,27.48355262,27.71925813,27.73730003,27.20951688,26.6404299,25.85405016,24.96523355,24.47279446,24.88247164
10,25.4296875,25.69829038,25.27518117,25.35531533,26.22874654,27.35084137,27.87316363,28.04210552,28.26815433,28.4478878,28.50585937,28.19352239,28.13744585,28.22644849,27.91032464,27.3529756,27.03258058,26.48975758,26.0247899,26.66015625,27.24246882,27.17036193,27.12768904,27.20951688,26.6404299,25.85405016,25.35531533,25.27518117,25.29038101
10.5,26.66015625,27.73783724,29.28711469,30.81646017,31.84919222,32.67892735,33.18233766,33.22379894,32.93377203,32.06414472,31.171875,30.1954293,29.91187938,29.33504013,28.81065769,27.2672296,26.86202802,26.48975758,25.85796432,26.45507812,27.00138503,27.17036193,27.12768904,27.20951688,26.6404299,25.85405016,25.7453971,26.07756787,26.51410912
11,27.48046875,28.14574661,30.08950139,31.59662372,32.59858498,33.38933881,33.51416104,33.52860443,33.20822013,32.7873961,31.78710937,30.86273161,30.54560564,29.93197408,29.49662573,27.95319764,26.9473043,26.23626708,25.69113874,25.63476562,25.55488226,24.97477712,25.29885607,25.88222337,26.28522417,26.22874654,26.52556065,26.87995457,27.32992787
11.5,28.30078125,28.96156535,29.28711469,30.81646017,31.84919222,32.67892735,33.18233766,33.22379894,32.93377203,32.7873961,33.01757812,32.69781295,31.9398034,31.04056572,29.66811774,27.2672296,26.86202802,26.48975758,25.85796432,25.63476562,25.79596605,26.07256953,26.51807805,27.20951688,27.35084137,27.72753205,28.08588775,28.48472798,28.55365598
12,28.7109375,29.36947472,29.68830804,30.42637839,30.72510309,30.90289869,31.1913974,32.00457696,32.38487583,32.7873961,33.01757812,32.69781295,31.9398034,31.04056572,29.66811774,28.12468965,27.88534338,27.37697435,26.85891778,26.86523437,27.00138503,27.17036193,27.73730003,28.20498701,28.41645856,28.47692481,28.8660513,29.28711469,29.36947472
12.5,30.3515625,29.77738409,29.68830804,30.03629662,30.35040671,30.19248722,29.86410389,30.17574399,31.01263533,31.58197713,31.9921875,31.86368507,31.30607714,30.61418432,29.45375273,27.61021362,26.9473043,26.74324809,26.0247899,26.25,26.51921744,27.44481003,28.04210552,28.53681039,28.77166429,29.60101395,30.42637839,30.49069474,30.59320284
13,30.3515625,29.77738409,30.08950139,30.81646017,31.09979947,30.90289869,30.85957402,30.17574399,29.36594673,28.68897159,28.30078125,27.69304566,27.5037196,27.8000671,27.69595962,26.83849957,26.17981779,25.85603133,25.19066202,25.22460937,25.55488226,26.34701763,27.12768904,27.87316363,28.06125283,29.22631757,30.03629662,30.49069474,30.59320284
13.5,30.3515625,31.00111221,30.89188809,30.81646017,30.72510309,30.54769295,30.52775065,30.48054948,29.91484293,29.65330677,28.7109375,27.85987124,26.86999334,27.3736857,27.48159461,26.79562657,26.00926523,25.60254082,25.35748759,26.25,26.76030123,27.17036193,27.73730003,28.53681039,28.77166429,29.22631757,30.03629662,30.49069474,30.59320284
14,26.25,26.51410912,26.47876122,26.13547888,25.85405016,25.57481271,25.21857662,24.99405058,24.70032902,24.59054708,23.99414063,23.35558068,22.81414529,23.70680568,24.26611942,24.99496046,25.75343639,26.61650284,27.19256893,27.48046875,27.24246882,26.89591383,26.82288354,27.20951688,26.99563563,26.9781393,27.3057242,27.28114793,26.9220185
14.5,25.4296875,24.88247164,25.27518117,25.7453971,25.47935378,25.57481271,25.5504,25.29885607,25.24922522,25.07271467,24.609375,24.02288298,23.32112629,23.02459545,23.62302438,24.30899242,25.41233127,26.36301233,27.02574335,27.48046875,27.72463641,27.99370623,28.34691102,28.20498701,28.06125283,28.10222843,27.69580597,27.28114793,26.51410912
15,20.09765625,20.39546856,20.46086095,21.06441581,21.35769361,21.31234392,21.90034286,22.25080112,22.77919232,23.14404431,23.37890625,23.35558068,23.44787155,23.10987173,22.63694533,22.63694533,23.10987173,23.44787155,23.68923183,23.58398438,23.3851281,23.32808852,23.16521761,22.89581299,22.73316685,22.48178275,22.23466113,21.664441,20.80337793
15.5,20.09765625,20.39546856,20.8620543,21.06441581,21.35769361,21.66754965,21.90034286,22.55560662,23.05364042,23.6262119,23.58398438,23.52240625,23.19438104,23.02459545,22.55119932,22.42258031,22.68349033,22.81414529,23.02192952,22.96875,22.66187672,22.23029612,21.94599563,21.90034286,21.66754965,21.73238999,21.45449758,21.26324765,20.80337793
16,18.046875,18.3559217,18.85608754,19.50408871,19.85890809,20.24672673,20.90487273,21.64119013,22.23029612,23.14404431,23.58398438,23.68923183,23.5746168,23.28042429,22.72269133,22.1224693,22.17183265,21.92692853,21.85415049,21.53320313,21.21537395,20.30915942,20.11716266,19.9094026,19.53631526,19.48421171,19.50408871,19.25728089,18.76383107
16.5,20.5078125,20.80337793,20.8620543,20.67433404,20.98299723,21.66754965,21.90034286,22.55560662,23.32808852,23.6262119,23.99414063,24.02288298,24.0815978,24.0479108,24.09462741,24.39473843,24.55956848,24.46183356,24.52335971,24.40429688,24.10837949,23.32808852,22.86041211,22.56398961,22.37796112,21.73238999,21.45449758,20.8620543,20.39546856
17,21.328125,21.61919667,21.664441,21.45449758,21.73238999,22.02275539,22.56398961,23.16521761,23.60253662,24.34946328,24.609375,24.69018529,24.71532406,24.64484476,24.78059545,24.78059545,24.64484476,24.71532406,24.69018529,24.609375,24.34946328,23.60253662,23.16521761,22.89581299,22.73316685,22.48178275,21.84457936,21.26324765,21.2112873
17.5,24.19921875,24.47456227,24.47279446,24.57515178,25.1046574,25.21960697,25.21857662,24.99405058,24.97477712,25.55488226,25.63476563,25.52431317,25.34905032,24.9006736,24.86634146,24.26611942,24.9006736,25.34905032,25.52431317,25.63476562,25.55488226,24.97477712,24.68924508,24.55492987,24.50919551,24.72996102,24.57515178,24.87398782,24.47456227
18,24.609375,25.29038101,25.27518117,25.35531533,25.85405016,25.93001844,25.88222337,25.60366157,25.52367332,26.03704985,26.04492188,26.19161547,25.98277658,25.58288383,25.5523095,25.5523095,25.49760755,25.60254082,25.52431317,25.63476562,25.79596605,25.52367332,25.29885607,25.21857662,25.21960697,25.1046574,25.35531533,25.27518117,25.29038101
18.5,25.4296875,26.10619975,26.07756787,26.13547888,26.60344292,26.99563563,26.8776935,26.51807805,26.34701763,26.51921744,26.25,26.19161547,25.98277658,25.75343639,25.6809285,25.5523095,25.49760755,25.60254082,25.52431317,25.63476562,25.79596605,25.52367332,24.99405058,24.55492987,24.86440124,25.1046574,24.96523355,25.27518117,25.69829038
19,26.25,26.51410912,26.47876122,26.52556065,26.60344292,26.6404299,26.54587013,26.21327255,25.79812142,26.03704985,25.63476563,25.52431317,25.34905032,25.07122615,24.99496046,25.29507148,25.66816011,25.72928607,26.0247899,26.25,26.27813364,26.07256953,25.90846706,26.21404675,26.28522417,26.22874654,26.13547888,26.47876122,26.51410912
19.5,25.4296875,26.51410912,26.87995457,27.3057242,27.35283568,27.35084137,27.20951688,27.12768904,26.89591383,27.00138503,26.86523437,26.52526663,26.23626708,25.66816011,25.29507148,25.29507148,25.66816011,25.72928607,26.0247899,26.25,26.27813364,26.07256953,25.60366157,25.21857662,25.57481271,26.22874654,26.52556065,26.47876122,26.10619975
20,25.4296875,26.10619975,26.87995457,26.91564242,26.9781393,26.99563563,26.8776935,26.51807805,26.34701763,26.76030123,26.66015625,26.35844105,25.98277658,25.49760755,25.20932548,24.35186543,25.07122615,25.60254082,25.69113874,26.04492187,26.27813364,26.34701763,26.51807805,26.54587013,26.28522417,26.22874654,26.52556065,26.47876122,26.10619975
20.5,18.046875,17.13219359,16.44892743,15.2131892,13.86376603,12.78740635,11.94564156,10.97299781,10.15457971,9.88443559,9.43359375,9.008581118,8.491931857,7.930693988,7.802886457,8.01725147,9.721495856,11.40707264,13.01239495,14.35546875,15.42936287,16.46688602,17.37391321,18.25028571,18.47069807,19.10951533,19.11400694,18.85608754,18.3559217
20.5,22.55859375,21.2112873,19.25728089,17.16359807,14.61315879,12.07699489,9.622877921,8.22974836,10.42902781,12.77744113,15.17578125,17.18303435,19.01178774,20.63685962,22.07959629,23.19429436,24.13318708,24.84206931,25.35748759,25.83984375,26.51921744,26.62146573,27.12768904,27.20951688,27.35084137,26.9781393,26.13547888,25.27518117,24.0666529
21,24.19921875,24.88247164,25.67637452,25.7453971,25.85405016,25.93001844,26.21404675,25.90846706,26.07256953,26.51921744,26.45507812,26.19161547,25.72928607,25.15650243,24.69484945,24.82346845,25.41233127,25.72928607,26.19161547,26.66015625,27.00138503,26.89591383,26.82288354,26.21404675,25.93001844,25.85405016,25.7453971,25.67637452,24.88247164
21.5,24.609375,25.69829038,26.07756787,26.52556065,26.60344292,26.28522417,26.21404675,26.21327255,26.34701763,26.27813364,26.04492188,25.69113874,25.09555982,24.73012104,24.65197644,25.33794448,25.83871267,25.98277658,26.35844105,26.66015625,26.76030123,26.34701763,26.21327255,25.5504,25.21960697,25.47935378,25.35531533,25.27518117,25.29038101
22,24.19921875,24.88247164,25.27518117,25.7453971,25.47935378,25.57481271,25.21857662,24.99405058,25.52367332,25.55488226,25.4296875,25.02383644,24.71532406,24.4742922,24.48048443,24.90921446,24.98594988,25.09555982,25.19066202,25.22460937,25.07271467,24.70032902,24.38443959,24.55492987,24.86440124,25.1046574,24.96523355,24.47279446,24.47456227
22.5,24.609375,25.29038101,25.67637452,25.7453971,25.85405016,25.93001844,26.21404675,26.21327255,26.34701763,26.27813364,26.04492188,25.69113874,25.60254082,25.49760755,25.20932548,24.78059545,24.64484476,24.71532406,24.69018529,24.609375,24.34946328,23.60253662,23.4700231,23.22763636,23.44357831,24.35526464,24.96523355,25.27518117,25.29038101
23,24.609375,25.29038101,25.27518117,25.35531533,25.47935378,25.21960697,25.21857662,25.29885607,25.52367332,25.31379846,25.22460938,24.85701086,24.71532406,24.73012104,24.48048443,24.18037342,24.21846336,24.71532406,24.85701086,24.81445312,24.34946328,23.87698472,23.4700231,23.55945974,24.15398978,24.72996102,25.35531533,25.27518117,25.29038101
23.5,24.609375,25.69829038,26.47876122,26.91564242,26.9781393,26.99563563,27.20951688,27.43249453,27.44481003,27.48355262,27.27539062,26.6920922,25.98277658,25.49760755,25.20932548,24.78059545,24.73012104,25.09555982,25.19066202,25.01953125,24.59054708,23.87698472,23.4700231,23.55945974,24.15398978,24.72996102,25.35531533,25.27518117,25.29038101
24,24.609375,25.69829038,26.07756787,26.52556065,26.60344292,26.28522417,26.54587013,26.51807805,26.34701763,26.51921744,26.25,25.85796432,25.09555982,24.73012104,24.48048443,24.18037342,24.55956848,25.09555982,25.35748759,25.4296875,25.31379846,24.70032902,24.38443959,24.55492987,24.86440124,25.47935378,25.7453971,25.67637452,25.29038101
24.5,26.25,26.9220185,27.28114793,27.3057242,27.35283568,26.99563563,26.8776935,27.12768904,27.17036193,26.76030123,26.25,25.69113874,25.09555982,25.24177871,25.08070647,24.65197644,24.73012104,25.09555982,25.19066202,25.01953125,24.59054708,23.87698472,23.4700231,23.55945974,23.79878405,24.35526464,24.96523355,25.27518117,25.69829038
25,25.4296875,26.10619975,26.47876122,26.52556065,26.22874654,25.57481271,25.5504,25.90846706,25.79812142,25.55488226,25.01953125,24.52335971,24.0815978,24.30373964,24.26611942,24.26611942,24.30373964,24.0815978,23.85605741,24.19921875,24.10837949,24.15143282,23.7748286,23.89128312,24.15398978,24.35526464,24.57515178,24.87398782,24.88247164
25.5,25.4296875,26.10619975,26.47876122,26.91564242,26.9781393,27.35084137,27.87316363,27.73730003,27.44481003,27.00138503,26.04492188,25.52431317,25.34905032,25.41233127,25.12357947,24.86634146,24.81539732,24.46183356,24.18970856,24.40429688,24.34946328,24.15143282,23.7748286,23.89128312,24.50919551,25.1046574,25.35531533,25.67637452,25.69829038
26,24.609375,25.29038101,25.67637452,25.7453971,25.85405016,26.28522417,26.54587013,26.51807805,26.07256953,25.55488226,24.81445313,24.35653413,24.33508831,24.4742922,24.30899242,24.18037342,24.21846336,24.71532406,24.85701086,24.81445312,24.34946328,24.42588092,24.38443959,24.22310649,24.50919551,24.72996102,25.35531533,25.27518117,25.29038101
26.5,25.4296875,26.10619975,26.47876122,27.3057242,27.72753205,28.06125283,28.20498701,28.04210552,27.71925813,27.24246882,26.66015625,26.0247899,25.72928607,25.66816011,25.29507148,24.69484945,24.64484476,24.96881457,24.85701086,24.609375,24.34946328,24.15143282,23.4700231,23.89128312,24.50919551,24.72996102,24.57515178,25.27518117,25.69829038
27,24.609375,25.29038101,25.67637452,26.13547888,26.60344292,26.6404299,26.54587013,26.51807805,26.07256953,25.79596605,25.22460938,24.85701086,24.71532406,24.73012104,24.48048443,24.18037342,24.55956848,25.09555982,25.35748759,25.4296875,25.31379846,24.70032902,24.07963409,24.22310649,24.50919551,24.72996102,24.57515178,24.87398782,24.88247164
27.5,26.25,26.9220185,27.28114793,27.69580597,27.35283568,27.35084137,27.54134026,27.12768904,26.62146573,26.27813364,25.83984375,25.69113874,25.34905032,25.15650243,25.33794448,25.33794448,25.41233127,25.72928607,25.85796432,25.63476562,25.07271467,24.42588092,23.4700231,23.22763636,23.44357831,23.98056826,24.57515178,25.27518117,25.69829038
28,25.4296875,26.10619975,26.47876122,26.52556065,26.22874654,26.28522417,26.21404675,25.60366157,25.24922522,24.83163087,24.609375,24.52335971,24.33508831,24.21846336,24.48048443,24.78059545,24.64484476,24.71532406,24.69018529,24.40429688,23.6262119,23.32808852,23.4700231,23.55945974,23.79878405,23.98056826,24.57515178,24.87398782,25.29038101
28.5,26.66015625,26.9220185,26.87995457,27.3057242,27.35283568,27.35084137,27.20951688,26.51807805,26.34701763,26.27813364,26.04492188,26.19161547,25.98277658,25.75343639,25.6809285,25.25219848,24.9006736,24.71532406,24.52335971,23.99414063,23.14404431,22.23029612,22.86041211,23.22763636,23.79878405,23.98056826,24.57515178,25.67637452,26.51410912
29,27.48046875,27.73783724,27.28114793,27.69580597,27.35283568,27.35084137,26.8776935,26.21327255,25.79812142,25.55488226,25.63476563,25.52431317,25.34905032,25.07122615,24.99496046,24.56623044,24.30373964,24.46183356,24.35653413,24.40429688,24.34946328,24.15143282,24.07963409,24.55492987,24.86440124,25.1046574,25.7453971,26.47876122,27.32992787
29.5,27.48046875,28.14574661,28.88592133,28.8660513,28.85162119,28.41645856,28.20498701,28.04210552,27.71925813,27.48355262,27.0703125,27.02574335,26.61650284,26.5209229,26.02391252,25.16645247,24.9006736,24.96881457,24.69018529,24.609375,24.59054708,24.42588092,24.99405058,25.5504,25.93001844,26.60344292,26.91564242,27.28114793,27.73783724
30,27.48046875,28.14574661,28.48472798,28.47596952,28.10222843,27.7060471,27.54134026,27.12768904,26.62146573,26.51921744,26.25,26.0247899,25.72928607,25.66816011,25.29507148,24.69484945,24.64484476,24.96881457,25.35748759,25.63476562,25.55488226,25.52367332,25.90846706,26.21404675,26.6404299,26.9781393,27.3057242,27.68234128,27.73783724
30.5,28.30078125,28.96156535,28.88592133,28.8660513,28.47692481,28.06125283,27.87316363,27.12768904,26.89591383,26.76030123,26.66015625,26.6920922,26.61650284,26.43564663,26.36689654,25.93816652,25.66816011,25.72928607,26.0247899,26.04492187,26.03704985,25.79812142,26.21327255,26.8776935,26.99563563,27.35283568,27.69580597,28.08353463,28.14574661
31,26.25,26.51410912,26.87995457,26.52556065,26.22874654,25.93001844,25.5504,24.68924508,24.42588092,24.59054708,24.81445313,25.02383644,25.09555982,25.24177871,25.38081749,25.5523095,25.58288383,25.98277658,26.19161547,26.04492187,26.03704985,25.52367332,25.60366157,25.88222337,25.93001844,25.85405016,26.13547888,26.07756787,26.51410912
31.5,26.66015625,27.32992787,27.68234128,27.3057242,26.9781393,26.99563563,26.8776935,26.51807805,26.34701763,26.27813364,26.04492188,26.19161547,25.98277658,25.75343639,25.6809285,25.38081749,25.32705499,25.60254082,25.52431317,25.4296875,25.31379846,24.70032902,24.68924508,25.21857662,25.57481271,25.85405016,26.52556065,26.87995457,26.9220185
32,26.25,26.51410912,26.47876122,26.52556065,25.85405016,25.57481271,25.5504,24.99405058,24.97477712,24.83163087,24.81445313,24.85701086,24.96881457,24.81539732,24.86634146,24.56623044,24.64484476,24.96881457,25.35748759,25.63476562,25.55488226,24.97477712,24.99405058,25.5504,25.57481271,25.85405016,26.52556065,26.47876122,26.51410912
32.5,26.66015625,27.32992787,27.68234128,27.3057242,26.9781393,26.99563563,26.8776935,26.51807805,26.34701763,26.27813364,26.04492188,26.0247899,25.60254082,25.75343639,25.6809285,25.12357947,24.64484476,24.71532406,25.35748759,25.63476562,25.79596605,25.52367332,25.60366157,26.21404675,26.28522417,26.9781393,27.3057242,27.68234128,27.32992787
33,26.66015625,27.32992787,27.28114793,27.3057242,26.60344292,26.6404299,26.54587013,26.21327255,25.79812142,25.79596605,25.83984375,25.69113874,25.34905032,25.66816011,25.5951825,25.76667451,25.92398895,26.23626708,26.35844105,26.45507812,26.51921744,26.07256953,26.21327255,26.54587013,26.6404299,27.35283568,27.69580597,27.68234128,27.32992787
33.5,28.30078125,28.14574661,27.68234128,26.91564242,26.9781393,26.99563563,26.8776935,26.51807805,26.07256953,25.79596605,25.63476563,25.52431317,25.60254082,25.49760755,25.5523095,25.5523095,25.49760755,25.22230507,25.85796432,26.25,26.51921744,26.34701763,26.51807805,26.8776935,27.7060471,28.10222843,28.47596952,28.08353463,28.14574661
34,26.66015625,26.51410912,26.47876122,25.35531533,25.47935378,25.21960697,25.21857662,24.99405058,24.70032902,24.59054708,24.609375,24.69018529,24.96881457,25.07122615,25.33794448,25.76667451,25.92398895,25.85603133,26.19161547,26.45507812,26.51921744,26.07256953,25.90846706,26.21404675,26.99563563,27.35283568,27.3057242,26.87995457,26.51410912
34.5,28.7109375,28.55365598,28.08353463,27.3057242,26.9781393,26.6404299,26.54587013,26.21327255,25.79812142,25.79596605,25.4296875,25.35748759,25.34905032,25.32705499,25.46656349,25.25219848,26.26509407,26.99673859,27.52622008,27.890625,28.4478878,29.36594673,29.87093849,30.52775065,30.90289869,31.09979947,31.20654194,30.89188809,29.77738409
35,29.53125,29.36947472,28.88592133,28.08588775,27.72753205,27.35084137,27.20951688,26.51807805,26.34701763,26.27813364,26.04492188,25.85796432,25.98277658,26.00926523,26.15253153,26.58126156,26.9473043,27.63046485,28.19352239,28.50585937,28.93005539,29.91484293,30.48054948,30.85957402,31.61331015,31.84919222,31.59662372,31.29308145,30.59320284
35.5,32.40234375,31.81693095,31.29308145,30.03629662,29.97571033,29.48207576,29.20045714,28.65171651,27.99370623,27.48355262,26.86523437,26.52526663,25.98277658,25.58288383,25.89529352,27.3101026,28.65282989,29.78513413,30.69590603,31.171875,31.34089334,31.56153153,32.61418795,33.51416104,34.09975027,34.0973705,34.32719614,34.10143491,33.44856843
70.5,0.8203125,0.815818742,1.203580056,1.170245323,1.124089137,1.065617196,0.99547013,1.219221979,0,0,0,0,0,0,0,0,0,0,0,0,0,0,0.304805495,0.331823377,0.355205732,0.374696379,0.780163549,0.802386704,0.815818742
70,1.640625,1.631637485,1.604773407,1.560327097,1.873481896,1.77602866,1.659116883,1.524027474,1.646688602,1.687586564,1.640625,1.668255763,1.520943019,1.53497303,1.457682085,0.68596804,0.682210235,0.76047151,0.667302305,0.615234375,0.723251385,0.548896201,0.60961099,0.99547013,1.065617196,1.124089137,1.170245323,1.203580056,1.631637485
35.5,24.609375,24.0666529,23.26921441,22.23466113,21.35769361,22.02275539,23.55945974,24.68924508,26.07256953,27.00138503,27.890625,28.52717354,29.15140787,30.2730792,30.99718082,32.3691169,34.28106433,35.8689062,37.03527793,37.734375,38.09123959,38.14828594,37.49107586,36.50057143,35.5205732,33.72267412,31.98670549,30.08950139,27.73783724
36,32.8125,32.63274969,31.6942748,30.42637839,30.35040671,29.83728149,29.20045714,28.65171651,27.99370623,27.48355262,26.86523437,26.52526663,25.98277658,25.58288383,25.89529352,28.33905466,29.67614524,30.67235089,31.53003391,32.19726562,32.30522851,32.65932393,33.52860443,34.50963117,34.81016174,35.22145964,35.10735968,34.90382161,34.26438718
36,25.4296875,24.88247164,23.67040776,23.01482468,22.10708637,22.37796112,23.89128312,25.29885607,26.34701763,27.72463641,28.50585937,29.19447585,29.78513413,30.87001316,31.68314886,33.78392598,35.81603736,37.38984922,38.53670812,39.375,39.53774236,39.52052644,39.01510334,38.15968831,36.5861904,34.84676326,32.76686904,30.49069474,28.14574661
36.5,33.6328125,33.44856843,32.4966615,31.98670549,31.47449585,30.90289869,30.52775065,29.566133,29.09149863,28.93005539,28.30078125,27.69304566,26.86999334,26.60619918,26.10965853,28.33905466,29.67614524,30.67235089,31.36320834,31.9921875,32.30522851,32.11042773,32.61418795,33.51416104,34.09975027,34.0973705,34.32719614,34.50262826,34.26438718
36.5,35.68359375,35.08020592,34.10143491,34.71727791,35.22145964,35.5205732,35.83692467,36.27185388,36.77604544,37.36798821,37.52929687,38.36988254,38.78404699,39.31236482,39.35741631,38.75719427,39.8240225,41.69918778,43.04099868,44.09179687,44.84158585,45.28393654,44.80640774,44.13250909,42.97989357,41.59129808,40.56850452,38.91575513,36.7118434
37,31.58203125,31.40902158,30.49069474,30.03629662,29.60101395,29.48207576,29.20045714,28.65171651,28.26815433,28.4478878,28.09570312,27.85987124,27.37697435,27.3736857,27.18148359,28.03894364,29.07921129,29.91187938,30.52908046,30.76171875,30.85872575,30.46373913,30.78535498,31.52322078,31.96851588,32.2238886,32.37678726,32.4966615,32.22484032
37,36.50390625,35.89602466,34.50262826,35.10735968,35.97085239,36.23098467,36.50057143,36.88146487,37.32494164,37.8501558,38.14453125,38.87035927,39.41777325,39.99457506,40.04338435,39.44316231,40.50623273,42.33291403,43.70830098,44.70703125,45.56483723,45.55838464,45.41601873,44.79615584,43.69030504,42.34069084,41.34866807,39.71814183,37.52766215
37.5,32.8125,32.63274969,31.6942748,30.81646017,30.72510309,30.19248722,29.86410389,29.2613275,28.81705053,28.93005539,28.50585937,28.19352239,28.89791736,29.33504013,29.53949873,30.26833977,30.78473688,30.92584139,31.02955718,31.37695312,31.34089334,31.01263533,30.17574399,30.85957402,31.96851588,32.59858498,33.15695081,33.70024156,33.44856843
37.5,38.5546875,38.34348089,39.71814183,42.12883162,44.58886911,47.24236236,49.44168311,51.20732313,52.41958715,53.03843487,53.52539062,54.05148671,54.37371294,54.40626628,53.80561815,52.9481581,52.70074069,51.8388079,50.38132403,48.80859375,48.21675898,46.93062515,45.41601873,43.46886233,41.20386491,40.84190532,40.17842275,39.31694848,38.75139026
38,28.30078125,27.73783724,27.28114793,26.13547888,26.22874654,26.28522417,26.21404675,25.60366157,25.52367332,26.03704985,26.45507812,26.52526663,27.88395535,28.90865873,29.66811774,30.35408578,30.35835548,29.91187938,29.528127,29.32617187,28.68897159,27.71925813,26.82288354,26.8776935,27.7060471,28.47692481,28.8660513,28.88592133,28.55365598
38,38.96484375,39.15929963,40.11933519,42.90899517,45.33826187,47.95277382,50.10532987,51.81693412,52.96848335,53.52060246,54.140625,54.71878901,55.00743919,55.00320024,54.49158619,53.63412614,53.29767465,52.47253416,51.21545191,49.42382812,48.69892657,47.47952135,45.72082422,44.13250909,41.91427638,41.2166017,40.9585863,40.11933519,39.15929963
38.5,29.53125,29.36947472,28.88592133,28.08588775,27.72753205,27.7060471,27.54134026,27.43249453,27.17036193,27.00138503,26.86523437,26.85891778,27.37697435,28.05589593,28.89640369,29.62524474,29.50559269,29.02466262,28.52717354,28.50585937,28.206804,27.71925813,28.34691102,28.86863376,29.12687003,29.60101395,30.03629662,30.08950139,30.18529346
38.5,43.06640625,43.23839334,42.92768865,45.63956759,48.33583291,50.43921395,52.75991688,54.25537808,55.16406815,55.44927282,55.78125,56.05339362,56.02140121,55.77068675,54.83457021,55.13468123,56.28234443,56.90861797,56.88752151,56.19140625,55.20818903,53.79182765,51.81693412,49.10985974,47.24236236,46.46235101,46.02964936,45.73604211,44.87003083
39,30.3515625,30.18529346,29.28711469,28.47596952,28.10222843,28.06125283,28.20498701,28.04210552,27.71925813,27.48355262,27.48046875,27.52622008,28.0107006,28.05589593,27.86745163,27.99607064,28.31172477,28.77117211,29.02765027,29.12109375,28.68897159,28.26815433,28.95652201,29.20045714,29.83728149,30.35040671,30.81646017,30.89188809,30.59320284
39,43.88671875,44.05421208,44.1312687,44.46932227,45.71295825,47.24236236,48.77803636,50.29290665,51.59624285,52.79735108,53.73046875,54.55196344,54.75394869,54.40626628,53.46263413,53.76274515,55.00320024,55.64116545,55.88656805,55.37109375,54.48493764,52.96848335,50.90251764,48.44621298,46.53195089,46.46235101,46.41973114,46.13723546,45.2779402
70,0.8203125,0.815818742,0.802386704,0.780163549,0.749392758,0.710411464,0.663646753,0.60961099,0.548896201,0.723251385,0.615234375,0.667302305,0.76047151,0.682210235,0.68596804,0.085746005,0.170552559,0.253490503,0.333651153,0.41015625,0.48216759,0.548896201,0.60961099,0.663646753,0.710411464,0.749392758,0.780163549,0.802386704,0.815818742
39.5,0,0.407909371,0.802386704,0.780163549,1.124089137,1.065617196,1.327293506,1.524027474,1.646688602,1.687586564,1.845703125,2.001906915,2.027924026,2.046630706,2.057904121,0.68596804,0.682210235,0.76047151,0.667302305,0.615234375,0.723251385,0.548896201,0.60961099,0.663646753,0.355205732,0.374696379,0.390081774,0.401193352,0.407909371
39.5,30.76171875,30.59320284,29.68830804,29.25613307,29.22631757,29.12687003,29.20045714,28.65171651,28.26815433,28.206804,27.68554687,27.52622008,27.7572101,27.71479082,27.3101026,27.18148359,27.3736857,27.7572101,27.85987124,27.890625,27.48355262,27.99370623,28.65171651,29.53228052,30.19248722,30.72510309,30.81646017,30.89188809,31.00111221
69.5,0.8203125,0.815818742,1.203580056,1.170245323,1.124089137,1.065617196,0.99547013,1.219221979,0,0,0,0,0,0,0,0,0,0,0,0,0,0,0.304805495,0.331823377,0.355205732,0.374696379,0.780163549,0.802386704,0.815818742
39.5,44.70703125,44.87003083,44.53246206,44.07924049,45.33826187,46.88715663,48.44621298,50.29290665,51.59624285,52.79735108,53.73046875,54.55196344,54.75394869,54.40626628,53.46263413,53.20539612,54.49154256,55.5144202,56.05339362,55.98632812,55.69035662,54.61517195,53.0361561,50.76897662,47.95277382,47.96113653,47.58997646,46.93962217,46.09375894
69.5,7.79296875,8.158187423,8.425060389,8.581799034,8.61801672,8.524937569,8.295584415,7.924942865,7.684546807,7.714681436,7.3828125,7.006674203,6.464007832,5.969339561,5.444871319,4.072935239,4.690195369,5.196555316,5.672069593,6.15234375,6.509262462,6.861202507,7.010526381,7.300114285,7.10411464,7.119231203,7.021471937,7.221480334,7.750278052
69,2.05078125,2.447456227,2.808353463,3.120654194,3.372267412,3.55205732,3.981880519,3.962471433,4.116721504,4.580592103,4.921875,5.004767288,5.323300567,5.372405605,5.444871319,4.844649284,4.860747928,4.816319561,4.671116135,4.51171875,4.339508308,4.116721504,3.962471433,3.650057143,3.196851588,2.622874654,2.340490646,2.005966759,2.039546856
68.5,1.640625,2.039546856,2.407160111,2.73057242,2.997571033,3.196851588,3.318233766,3.352860443,3.567825303,4.098424513,4.306640625,4.504290559,4.562829058,4.690195369,4.801776281,3.429840201,3.411051177,3.295376542,3.169685949,3.076171875,2.893005539,2.744481003,2.438443959,2.322763636,1.77602866,1.498785516,1.170245323,1.203580056,1.631637485
40,0.8203125,1.223728113,1.203580056,1.560327097,1.498785516,1.77602866,1.99094026,2.133638464,2.195584802,2.410837949,2.4609375,2.502383644,2.661650284,2.728840942,2.743872161,2.143650126,2.217183265,2.281414529,2.168732491,2.255859375,2.169754154,2.195584802,2.133638464,1.99094026,1.77602866,1.498785516,1.560327097,1.203580056,1.223728113
68.5,0,0.407909371,0.802386704,1.170245323,1.498785516,1.77602866,2.322763636,2.438443959,2.744481003,2.893005539,3.076171875,3.169685949,3.295376542,3.411051177,3.429840201,2.057904121,2.046630706,2.027924026,2.001906915,1.845703125,1.687586564,1.646688602,1.524027474,1.327293506,1.065617196,1.124089137,0.780163549,0.802386704,0.407909371
68,0.8203125,1.223728113,1.604773407,1.950408871,2.248178275,2.486440124,2.654587013,3.048054948,3.293377203,3.375173128,3.69140625,3.836988254,3.9291028,4.093261413,4.115808241,3.472713203,3.496327457,3.548867045,3.503337101,3.486328125,3.375173128,3.018929103,3.048054948,2.654587013,2.486440124,2.248178275,1.950408871,1.604773407,1.223728113
40,30.3515625,29.77738409,28.48472798,28.08588775,28.10222843,28.06125283,27.87316363,27.12768904,26.89591383,26.76030123,26.45507812,26.35844105,26.61650284,26.69147546,26.49551555,26.79562657,27.28840942,27.5037196,27.85987124,28.09570312,28.206804,28.54260243,29.2613275,29.86410389,30.19248722,30.72510309,30.81646017,30.49069474,30.59320284
40,45.1171875,46.09375894,46.13723546,46.02964936,46.46235101,47.24236236,47.78256623,48.46407368,48.85176185,49.66326175,50.44921875,50.54814961,50.19111963,49.46024207,48.57511185,48.44649284,49.80134719,51.07833639,51.71592864,51.88476562,51.8330159,51.04734665,49.68329566,48.11438961,45.82153943,46.08765463,46.41973114,46.53842882,46.09375894
67.5,12.3046875,13.46100925,14.04176732,14.82310742,14.98785516,15.27384648,15.26387532,15.24027474,15.09464551,14.46502769,13.9453125,13.3460461,12.80127041,12.27978424,12.0044407,11.23272666,12.0239554,12.80127041,13.3460461,13.74023438,13.9828601,14.27130121,14.02105276,13.93658182,13.49781782,13.11437327,12.48261678,11.6346072,11.82937176
67.5,0,0.407909371,0.802386704,1.170245323,1.498785516,1.77602866,2.322763636,2.438443959,2.744481003,2.893005539,3.076171875,3.169685949,3.295376542,3.411051177,3.429840201,2.057904121,2.046630706,2.027924026,2.001906915,1.845703125,1.687586564,1.646688602,1.524027474,1.327293506,1.065617196,1.124089137,0.780163549,0.802386704,0.407909371
40.5,0,0.407909371,0.802386704,0.780163549,1.124089137,1.065617196,1.327293506,1.524027474,1.646688602,1.687586564,1.845703125,2.001906915,2.027924026,2.046630706,2.057904121,0.68596804,0.682210235,0.76047151,0.667302305,0.615234375,0.723251385,0.548896201,0.60961099,0.663646753,0.355205732,0.374696379,0.390081774,0.401193352,0.407909371
40.5,30.3515625,30.18529346,29.68830804,29.64621484,29.60101395,29.12687003,28.86863376,28.04210552,27.71925813,27.48355262,27.0703125,27.02574335,26.61650284,26.5209229,26.02391252,25.25219848,26.26509407,26.99673859,27.52622008,27.890625,27.96572021,28.26815433,28.95652201,29.53228052,30.19248722,30.72510309,31.20654194,31.29308145,31.00111221
40.5,45.1171875,45.2779402,44.93365541,44.85940404,44.96356549,46.17674516,46.45527272,47.2448517,48.02841755,48.69892657,49.42382812,49.71402173,49.30390287,48.60747928,47.8033978,47.67477879,48.35165044,49.68413863,50.54814961,51.06445312,50.86868072,49.94955425,48.76887917,46.7870961,46.88715663,46.46235101,46.41973114,46.53842882,46.09375894
41,29.53125,29.36947472,29.28711469,29.25613307,28.85162119,28.41645856,28.20498701,27.73730003,27.17036193,27.24246882,27.0703125,27.02574335,26.86999334,26.86202802,26.58126156,26.40976955,26.69147546,27.25022909,27.52622008,27.68554687,27.72463641,27.99370623,28.65171651,29.20045714,29.48207576,29.97571033,30.42637839,30.49069474,30.18529346
41,45.1171875,45.68584957,45.33484876,45.24948581,45.33826187,45.4663337,45.79162597,46.33043521,46.65617704,46.77025621,46.7578125,47.04481251,47.14923359,46.81667741,45.87411269,45.23101765,46.81667741,48.03645036,48.54624269,48.60351562,48.21675898,47.20507325,45.72082422,45.12797922,45.4663337,45.33826187,45.63956759,46.13723546,46.09375894
41.5,30.3515625,29.77738409,30.08950139,30.03629662,30.35040671,29.83728149,29.86410389,29.566133,29.09149863,28.4478878,27.890625,27.52622008,27.25022909,27.11785686,26.70988057,26.15253153,26.09454151,26.36301233,26.85891778,27.27539062,27.48355262,27.99370623,28.65171651,28.86863376,29.48207576,29.97571033,30.42637839,30.89188809,30.59320284
41.5,45.9375,46.09375894,46.13723546,45.63956759,45.33826187,45.11112797,44.79615584,45.11121323,45.83283274,45.80592103,46.14257812,46.54433578,46.76899784,46.47557229,45.70262068,45.87411269,46.81667741,48.03645036,48.54624269,48.60351562,48.45784277,48.02841755,47.85446269,48.11438961,47.95277382,47.21174377,47.19989469,47.34081552,46.90957768
42,28.30078125,27.73783724,28.08353463,28.08588775,28.47692481,28.06125283,28.20498701,28.04210552,27.71925813,27.48355262,27.0703125,27.02574335,27.12348384,27.28840942,27.09573759,26.53838856,26.17981779,26.23626708,26.35844105,26.45507812,26.51921744,26.62146573,27.12768904,27.20951688,27.7060471,28.10222843,28.47596952,28.88592133,28.55365598
42,45.1171875,45.68584957,45.33484876,45.24948581,44.96356549,45.11112797,44.79615584,44.80640774,44.73504034,44.84158585,45.1171875,45.04290559,44.61432856,45.11115182,45.01665264,45.70262068,46.56084857,47.52946935,48.04576596,47.98828125,47.73459139,46.93062515,46.9400462,47.11891948,46.88715663,46.46235101,46.41973114,46.53842882,46.09375894
42.5,28.7109375,28.55365598,28.48472798,28.47596952,28.47692481,28.41645856,28.20498701,28.34691102,28.26815433,27.96572021,27.68554687,27.52622008,27.25022909,27.11785686,26.70988057,26.15253153,26.00926523,25.98277658,26.35844105,26.45507812,26.27813364,26.89591383,27.73730003,28.53681039,28.77166429,29.22631757,29.25613307,29.28711469,29.36947472
42.5,45.1171875,46.09375894,46.93962217,46.80981291,46.46235101,45.82153943,45.45980259,45.41601873,45.28393654,44.84158585,44.50195312,44.70925444,44.86781907,44.94059926,44.93090663,45.35963666,46.39029601,47.4027241,48.04576596,48.60351562,48.94001036,48.30286565,47.85446269,46.7870961,45.4663337,45.71295825,45.63956759,45.73604211,45.2779402
43,28.30078125,27.73783724,27.68234128,27.69580597,27.72753205,27.7060471,27.87316363,27.73730003,27.71925813,27.72463641,27.68554687,27.69304566,27.5037196,27.54423826,27.2672296,26.66700756,26.43564663,26.23626708,26.35844105,26.25,26.03704985,26.62146573,27.12768904,27.87316363,28.06125283,28.47692481,28.47596952,28.88592133,28.55365598
43,44.70703125,45.68584957,46.13723546,46.41973114,46.08765463,45.82153943,45.12797922,45.41601873,45.28393654,45.08266964,45.32226562,45.20973117,45.75503583,45.79336206,45.35963666,45.23101765,46.13446718,46.89574309,47.54528923,47.98828125,47.97567518,47.47952135,46.9400462,45.79162597,44.75592223,44.96356549,44.85940404,44.93365541,44.46212146
43.5,28.30078125,28.96156535,28.88592133,28.8660513,28.85162119,28.77166429,28.53681039,28.04210552,27.99370623,28.206804,28.09570312,27.85987124,27.5037196,27.45896198,27.56734062,27.2672296,27.03258058,27.12348384,26.85891778,26.86523437,27.72463641,28.54260243,28.95652201,28.86863376,29.12687003,29.60101395,29.64621484,29.68830804,28.96156535
43.5,43.88671875,44.87003083,45.73604211,45.63956759,45.71295825,45.82153943,46.45527272,46.9400462,47.20507325,46.77025621,46.34765625,46.04385905,45.75503583,45.79336206,45.35963666,45.48825567,46.0491909,46.51550734,46.71116135,46.96289062,47.49350759,47.20507325,46.9400462,46.12344935,44.75592223,43.46477998,44.07924049,44.1312687,43.64630271
43.5,14.35546875,15.5005561,16.85012078,17.55367984,17.9854262,18.47069807,18.58210909,18.59313518,18.38802272,17.84020082,17.43164063,16.51573205,15.58966595,14.41169122,13.07626577,8.87471152,7.333760032,5.830281574,4.170639407,2.4609375,0.723251385,1.097792401,3.048054948,4.977350649,6.748908908,8.61801672,10.14212613,11.6346072,13.46100925
44,28.7109375,29.36947472,29.68830804,29.64621484,29.60101395,29.48207576,29.20045714,28.65171651,28.54260243,28.68897159,28.7109375,28.52717354,28.13744585,28.14117221,28.25330866,27.95319764,27.71479082,27.7572101,27.52622008,27.48046875,28.206804,28.81705053,29.2613275,29.53228052,29.83728149,30.35040671,30.42637839,30.08950139,29.77738409
44,43.06640625,42.01466523,43.73007535,45.63956759,46.46235101,47.59756809,48.11438961,48.46407368,48.57731375,48.21675898,47.578125,47.21163808,46.76899784,46.21974345,45.74549368,46.30284271,46.98722997,47.52946935,47.87894039,48.19335937,48.69892657,48.57731375,48.46407368,47.78256623,46.53195089,46.08765463,46.02964936,45.73604211,44.87003083
44.5,28.7109375,29.77738409,30.49069474,30.81646017,30.72510309,30.54769295,30.52775065,29.87093849,29.91484293,29.89439057,29.73632812,29.36130142,29.27815312,29.16448757,28.76778469,27.61021362,27.8000671,28.0107006,27.69304566,27.890625,27.96572021,27.99370623,28.34691102,29.20045714,29.83728149,29.97571033,30.42637839,30.08950139,29.77738409
44.5,33.6328125,35.08020592,36.50859502,38.22801388,40.09251256,41.20386491,41.80974545,42.97757477,44.18614414,45.56483723,46.55273437,47.04481251,47.02248834,47.24305881,47.8462708,45.44538266,43.91728391,43.09338554,42.37369637,41.22070312,39.53774236,37.59938974,37.49107586,37.16421818,36.23098467,35.22145964,33.93711436,33.2990482,33.85647781
44.5,14.35546875,17.94801233,21.26324765,24.18507,26.9781393,29.48207576,31.52322078,33.22379894,34.58046063,35.68040164,36.29882812,36.5348012,36.37588721,35.81603736,34.85575104,25.46656349,23.96263452,22.30716428,20.18589473,18.046875,15.67044667,13.17350881,10.36338682,7.631937662,4.617674516,1.498785516,3.510735968,7.221480334,11.01355302
45,29.53125,30.59320284,30.89188809,31.20654194,31.09979947,31.25810442,30.85957402,30.48054948,30.18929103,30.37655816,30.3515625,30.02860373,29.91187938,29.8466978,29.45375273,28.29618166,28.48227733,28.64442686,28.36034796,28.50585937,28.4478878,28.26815433,28.65171651,29.53228052,30.19248722,30.72510309,30.81646017,30.89188809,30.18529346
45,50.0390625,51.39658076,52.55632909,53.83128485,55.08036773,55.4120942,55.08268052,55.16979456,55.16406815,55.44927282,54.9609375,54.05148671,52.47253416,51.25104394,50.16141294,48.27500083,48.0958216,48.67017661,49.38037057,49.62890625,49.42217795,48.57731375,49.68329566,50.43715324,50.43921395,50.2093148,49.54038533,49.34678228,50.17285265
45.5,30.76171875,31.40902158,31.6942748,31.20654194,31.09979947,31.25810442,30.85957402,30.48054948,30.18929103,30.37655816,30.14648437,29.86177815,29.91187938,30.10252664,29.88248275,28.76778469,28.48227733,28.13744585,28.02669681,27.890625,28.206804,28.81705053,29.2613275,29.53228052,30.19248722,30.72510309,30.81646017,30.89188809,30.59320284
45.5,49.21875,50.98867139,52.55632909,53.83128485,54.33097497,55.4120942,56.07815065,56.38901654,56.26186055,56.17252421,55.16601562,54.05148671,52.72602467,51.67742534,50.03279393,47.11742976,47.24305881,48.03645036,48.87989384,49.01367187,48.94001036,48.02841755,49.07368467,49.77350649,49.72880248,49.45992204,49.15030356,48.54439558,49.35703391
46,31.58203125,32.22484032,32.09546815,31.98670549,31.84919222,31.61331015,31.52322078,31.09016047,30.73818723,30.85872575,30.55664062,30.52908046,30.54560564,30.78473688,30.56845079,29.45375273,29.07921129,28.89791736,28.69399912,28.50585937,28.93005539,29.36594673,29.87093849,29.86410389,30.54769295,31.09979947,31.59662372,31.29308145,31.00111221
46,50.0390625,50.98867139,52.95752245,54.22136662,54.70567135,55.4120942,56.40997402,56.38901654,56.26186055,56.17252421,55.16601562,54.05148671,52.72602467,51.67742534,50.03279393,48.18925482,48.01054532,47.27597885,48.04576596,48.80859375,49.18109416,48.85176185,48.76887917,49.10985974,48.66318529,47.96113653,47.19989469,47.74200887,48.94912454
46.5,30.76171875,31.81693095,32.09546815,31.98670549,31.47449585,31.61331015,31.52322078,31.09016047,30.73818723,30.61764195,30.14648437,29.86177815,30.16536988,30.44363176,30.43983178,29.45375273,29.42031641,29.65838887,29.86177815,30.14648437,30.61764195,31.28708343,32.00457696,32.51869091,32.67892735,32.59858498,31.98670549,32.09546815,31.81693095
46.5,53.73046875,52.62030888,52.55632909,53.83128485,55.08036773,57.54332859,59.06456103,60.35148798,60.92747826,60.99420011,60.49804687,59.55673073,58.04932523,55.94123931,53.20539612,49.77555592,49.11913696,47.9097051,48.54624269,49.42382812,49.66326175,49.40065805,48.76887917,48.11438961,50.08400821,52.0827967,53.0511213,53.75990915,53.84403699
47,30.3515625,31.00111221,31.29308145,31.20654194,30.72510309,30.54769295,30.52775065,29.87093849,29.64039483,29.65330677,29.53125,29.36130142,29.78513413,30.18780292,30.31121278,30.31121278,30.2730792,30.54560564,30.52908046,30.55664062,30.85872575,31.28708343,32.00457696,32.18686753,32.32372161,32.2238886,31.59662372,31.29308145,31.00111221
47,52.91015625,51.80449014,51.75394239,53.0511213,54.33097497,56.47771139,58.0690909,59.43707149,60.10413396,60.27094872,59.8828125,59.056254,57.66908948,55.68541047,53.07677711,48.91809587,47.92526904,48.16319561,49.38037057,49.83398437,49.90434554,49.40065805,48.76887917,48.11438961,49.72880248,51.70810032,52.66103953,53.3587158,53.43612762
47.5,9.0234375,8.974006165,8.826253741,8.581799034,7.868623961,7.459320372,6.968290909,6.400915391,5.488962005,4.821675898,3.896484375,3.336511525,3.041886038,2.728840942,2.400888141,1.629174095,2.558288383,3.422121793,4.337464983,5.126953125,5.786011077,6.586754406,7.315331876,7.631937662,8.169731836,8.61801672,8.971880808,9.227447093,8.974006165
47.5,30.3515625,31.00111221,31.29308145,31.59662372,31.09979947,30.54769295,29.86410389,28.34691102,26.89591383,25.07271467,22.76367188,21.18684819,23.32112629,25.15650243,26.75275357,28.59629268,28.90865873,28.77117211,28.52717354,29.12109375,29.65330677,30.18929103,30.78535498,31.1913974,31.25810442,31.09979947,31.20654194,31.29308145,31.00111221
47.5,54.9609375,55.88358385,57.37064932,58.51226614,60.70081342,63.2266203,64.70555844,65.83798688,65.86754406,65.57479221,64.59960937,62.89324225,60.33073976,58.0731463,56.67810932,53.11965011,50.9952151,50.19111963,50.54814961,51.06445312,50.86868072,49.94955425,48.76887917,48.44621298,49.72880248,51.33340394,53.0511213,54.1611025,55.0677651
48,30.3515625,31.00111221,31.6942748,31.98670549,31.84919222,31.61331015,31.52322078,31.09016047,30.73818723,30.61764195,30.55664062,30.69590603,31.05258664,31.04056572,30.7399428,30.7399428,31.04056572,31.05258664,31.02955718,31.171875,31.09980954,32.11042773,32.91899344,33.51416104,33.74454454,33.34797774,32.76686904,31.6942748,31.00111221
48,54.9609375,55.88358385,57.37064932,58.51226614,60.70081342,63.2266203,64.70555844,65.83798688,66.14199216,65.815876,64.8046875,63.2268934,60.83772077,58.58480397,57.32120436,53.71987215,51.50687278,50.57135539,50.88180076,51.26953125,50.86868072,49.94955425,48.76887917,48.44621298,49.72880248,51.33340394,53.0511213,54.1611025,55.0677651
48.5,30.3515625,31.00111221,31.6942748,31.98670549,31.84919222,31.61331015,31.52322078,31.09016047,30.73818723,30.37655816,30.14648437,30.1954293,30.54560564,30.52890804,30.09684776,30.09684776,30.52890804,30.54560564,30.52908046,30.96679687,31.09980954,32.11042773,32.91899344,33.51416104,33.74454454,33.34797774,32.76686904,31.6942748,31.00111221
48.5,59.0625,62.41013379,64.993323,66.7039834,68.194741,68.90991201,69.35108571,69.80045831,69.70981747,69.19104913,67.88085937,65.72927705,62.99239004,60.03450072,58.0500454,53.89136416,51.16576766,49.81088388,49.71402173,49.42382812,48.69892657,47.47952135,45.72082422,47.45074285,49.72880248,51.70810032,53.0511213,53.75990915,55.47567448
49,30.76171875,30.59320284,30.89188809,31.20654194,31.09979947,30.90289869,30.52775065,30.17574399,29.91484293,29.89439057,29.94140625,30.1954293,30.03862463,29.76142152,29.66811774,30.39695878,31.04056572,31.4328224,31.53003391,31.37695312,31.34089334,31.01263533,30.78535498,31.52322078,32.32372161,32.59858498,32.76686904,32.4966615,31.81693095
49,57.83203125,60.7784963,63.38854959,64.75357453,66.3212591,67.13388335,67.36014545,67.97162535,67.78868077,67.50346257,66.24023437,64.22784686,61.72493753,59.01118537,57.14971235,52.81953909,50.39828115,50.19111963,50.04767288,49.42382812,48.21675898,46.65617704,45.41601873,47.11891948,49.37359675,50.95870756,52.27095775,52.55632909,54.25194636
49.5,30.3515625,29.77738409,30.08950139,30.42637839,30.35040671,30.19248722,29.86410389,29.566133,29.36594673,29.41222298,29.32617187,29.528127,29.40489837,29.07921129,29.0250227,29.71099074,30.35835548,30.79909614,30.69590603,30.76171875,30.85872575,30.46373913,30.17574399,30.85957402,31.61331015,32.2238886,31.98670549,32.09546815,31.40902158
49.5,63.984375,67.30504624,70.61002993,72.55521001,74.18988306,74.59320372,74.66025973,73.45812425,72.17985037,71.11971949,69.93164062,67.89800954,65.14705932,61.65475003,59.37910848,53.03390411,50.05717603,49.43064812,48.54624269,47.16796875,45.32375344,43.08835174,42.97757477,43.13703896,45.4663337,49.45992204,53.0511213,56.56826261,59.55476819
50,28.7109375,29.77738409,30.49069474,30.81646017,30.72510309,30.90289869,30.85957402,30.48054948,30.18929103,30.13547436,29.53125,29.19447585,29.02466262,29.50559269,29.62524474,29.45375273,29.59086896,29.91187938,29.86177815,29.94140625,29.89439057,29.91484293,30.48054948,30.85957402,30.90289869,30.72510309,30.03629662,29.28711469,29.36947472
50,61.93359375,65.26549938,68.20286982,70.21471937,71.56700841,71.75155787,71.67384935,70.7148748,69.43536937,68.46779775,67.47070312,65.56245147,62.99239004,59.69339561,57.74993438,51.40473001,47.58416393,45.50154532,44.37560329,43.06640625,42.1896641,42.53945554,42.97757477,42.80521558,44.75592223,48.33583291,51.88087598,54.96348921,57.51522133
50.5,71.3671875,72.19995869,72.21480334,70.99488292,69.69352651,67.48908908,65.03738181,61.87551545,58.45744536,54.72602144,50.44921875,46.04385905,41.69918778,37.77739179,33.44094196,33.31232295,37.86266807,42.58640454,46.71116135,50.859375,54.48493764,58.18299726,61.87551545,65.03738181,67.48908908,69.31883014,70.21471937,70.61002993,71.38413995
50.5,68.49609375,70.56832121,71.41241663,71.77504646,71.19231203,69.97552921,68.0237922,65.22837589,61.75082256,57.37794318,52.70507812,47.21163808,48.92366712,51.16576766,52.8624121,48.66085785,44.17311275,41.95267828,40.0381383,38.14453125,36.64473682,36.50159734,39.62471433,45.45980259,50.79441968,55.82976049,60.07259324,63.38854959,66.4892275
51,15.99609375,15.90846547,15.64654072,15.2131892,14.61315879,13.85302355,12.94111169,12.19221979,10.97792401,9.643351795,8.203125,6.839848627,5.196555316,3.666880016,2.015031118,3.001110176,4.263813972,5.450045819,6.839848627,8.203125,9.402268001,10.42902781,11.5826088,12.60928831,13.49781782,14.23846241,15.2131892,15.64654072,15.90846547
51,29.53125,30.18529346,30.49069474,30.42637839,29.97571033,29.12687003,28.20498701,26.82288354,25.24922522,23.14404431,20.91796875,18.51763897,15.9699017,13.13254703,10.2466476,5.959347349,5.969339561,5.957026825,6.339371898,8.818359375,11.81310595,14.54574931,17.06910771,19.57757922,22.02275539,23.98056826,25.7453971,27.28114793,28.55365598
51,100.078125,103.6089803,105.9150449,107.2724879,107.1631644,106.5617196,104.856187,102.1098408,98.8013161,94.98701518,90.43945312,85.08104389,79.46927275,73.33760032,66.41028089,52.9910311,47.24305881,41.31895202,35.36702217,38.96484375,47.2524238,54.88962005,62.18032094,69.01926233,74.94840946,80.55972151,86.98823566,92.27447093,96.67452096
51.5,96.796875,99.93779593,102.3043047,103.3716702,103.4162006,102.6544566,101.2061299,98.45217483,95.50793889,91.85292585,87.15820312,82.07818352,76.68087722,70.77931193,64.09513876,51.01887299,46.13446718,40.68522576,34.86654544,38.34960937,46.28808862,53.79182765,60.65629347,67.02832207,72.81717506,77.93684686,83.86758147,89.06492411,93.41124599
51.5,38.96484375,44.46212146,48.94558893,53.0511213,56.57915325,59.67456298,61.71914805,63.39954292,64.22085546,64.61045703,63.984375,62.72641667,60.83772077,58.32897513,55.09180823,51.79058703,52.44491185,52.85276992,53.05053325,52.70507812,51.8330159,50.49845045,48.46407368,45.79162597,42.62468784,39.34311981,35.49744146,30.89188809,33.44856843
52,94.74609375,97.4903397,99.49595126,100.6410978,100.793326,100.1680164,98.21971947,95.70892537,92.48900979,89.20100411,84.69726562,79.57579988,74.01922693,68.30629983,62.80894868,50.46152396,44.94059926,39.03753749,32.53098737,37.11914062,44.35941826,51.04734665,57.30343303,63.71008831,69.97552921,76.06336496,81.91717259,86.657764,90.96378977
52,41.8359375,47.31748705,52.15513574,56.56185727,59.95142066,63.2266203,65.36920519,67.05720886,67.78868077,67.98563016,67.47070312,66.0629282,64.00635206,61.22836864,57.74993438,53.37688813,52.53018813,51.45857215,50.04767288,48.19335937,45.56483723,42.53945554,39.31990883,35.5051013,31.25810442,26.9781393,23.40490646,29.68830804,35.89602466
52.5,34.86328125,35.89602466,36.90978837,37.05776855,37.09494153,37.29660186,37.16421818,36.27185388,35.95270113,35.68040164,35.06835937,34.36606871,33.71423693,33.34302526,33.56956097,30.91143481,29.33504013,27.5037196,25.52431317,26.66015625,27.48355262,27.99370623,28.34691102,28.86863376,29.83728149,31.09979947,32.37678726,33.2990482,34.26438718
52.5,22.1484375,22.02710604,22.06563435,21.45449758,20.60830085,19.89152099,18.58210909,17.37391321,15.91798982,13.9828601,12.3046875,10.17636015,8.111696102,5.969339561,3.687078216,2.229396131,4.007985134,5.957026825,7.840802084,9.84375,11.81310595,13.72240501,15.54508024,16.92299221,18.47069807,19.48421171,20.67433404,21.26324765,21.61919667
52.5,59.8828125,58.33104007,56.56826261,53.83128485,50.58401118,49.01839102,51.76444675,53.95057258,55.43851625,56.413608,56.80664062,56.38704478,55.5144202,53.97988488,51.91920604,46.25996971,44.17311275,42.71314979,41.37274291,41.015625,42.91291549,46.93062515,50.90251764,53.75538701,56.47771139,58.45263514,59.68251146,60.17900278,60.37058693
52.5,38.5546875,39.97511837,40.92172189,41.34866807,41.59129808,41.20386491,40.48245195,39.01510334,37.32494164,35.43931785,32.8125,30.02860373,26.86999334,23.36570057,19.67870815,14.10521783,12.27978424,10.77334639,9.342232271,10.86914063,12.77744113,15.36909361,18.89794068,22.23216623,25.57481271,28.85162119,31.59662372,34.50262826,36.7118434
53,31.171875,31.81693095,32.4966615,32.37678726,32.2238886,32.32372161,32.51869091,32.00457696,32.11042773,32.30522851,32.19726562,31.86368507,31.9398034,32.40498619,33.09795794,31.59740285,30.10252664,28.26419111,26.0247899,23.58398438,23.86729569,24.15143282,24.07963409,24.22310649,25.57481271,26.9781393,28.47596952,29.68830804,30.59320284
53,57.01171875,62.41013379,66.99928976,70.99488292,74.18988306,76.36923238,77.9784935,78.63981766,78.49215668,77.38789816,75.46875,72.73595125,69.32965262,64.98052493,59.97933051,50.54726996,47.58416393,44.10734756,40.20496388,38.75976562,39.05557477,42.53945554,46.02562972,48.77803636,51.14962541,52.83218945,54.22136662,54.96348921,54.65985573
53.5,2.05078125,2.447456227,2.407160111,2.340490646,2.248178275,2.131234392,2.322763636,2.133638464,1.921136702,1.928670359,1.640625,1.501430186,1.394197768,1.108591633,0.900333053,0.771714045,0.852762794,0.887216761,1.000953458,1.025390625,0.96433518,1.097792401,1.219221979,1.327293506,1.77602866,1.873481896,1.950408871,2.005966759,2.039546856
53.5,86.54296875,88.92424291,90.66969752,91.27913518,91.4259165,90.9326674,89.92413506,87.78398251,85.07891108,82.20957406,78.54492187,73.90373028,69.32965262,64.72469609,59.97933051,47.7605248,41.70010064,35.10843469,28.86082469,31.58203125,38.33232339,44.46059224,50.29290665,56.07815065,62.1610031,68.194741,74.11553711,79.03509032,83.21351171
54,2.87109375,2.855365598,3.209546815,3.120654194,2.997571033,3.196851588,2.986410389,2.743249453,2.744481003,2.651921744,2.255859375,2.168732491,1.901178774,1.620249309,1.329063078,1.114698065,1.193867912,1.267452516,1.501430186,1.845703125,1.928670359,2.195584802,2.438443959,2.654587013,2.841645856,2.997571033,2.73057242,2.808353463,2.855365598
54,77.51953125,79.95023674,81.44225043,82.30725437,82.05850703,81.34211263,79.96943376,78.63981766,76.29657187,73.28947365,69.31640625,65.06197474,61.21795652,57.04983094,52.77666609,44.75941462,41.18844297,37.13635872,32.69781295,34.453125,38.09123959,41.99055934,47.2448517,52.4280935,56.83291712,61.82490255,66.7039834,71.01122328,74.64741492
54,5.7421875,5.710731196,6.017900278,6.241308388,5.995142066,6.038497444,5.972820779,5.791304402,5.488962005,5.303843487,4.921875,4.504290559,4.055848051,3.496327457,2.958237173,2.615253153,2.814117221,2.915140787,3.336511525,3.69140625,3.857340718,4.116721504,4.267276928,4.645527272,4.617674516,4.496356549,4.680981291,5.215513574,5.302821825
54.5,48.80859375,49.76494328,50.14916898,49.54038533,49.08522566,47.95277382,46.7870961,45.72082422,44.18614414,42.4307479,39.99023437,37.36892908,35.6154157,33.85468294,32.15475188,33.22657695,34.62216945,35.6154157,36.36797563,36.50390625,36.40365303,35.95270113,37.49107586,39.15515844,40.49345345,42.71538722,44.85940404,46.53842882,47.72539642
54.5,50.0390625,48.94912454,47.34081552,45.24948581,42.34069084,44.04551077,46.7870961,49.07368467,50.77289855,51.8330159,52.29492187,52.21640537,51.71206265,50.48355743,48.74660386,43.47322455,39.99457506,39.291028,38.20305696,36.9140625,36.16256923,39.52052644,42.67276928,45.45980259,47.59756809,49.08522566,50.32054888,50.55036233,50.58076202
55,34.86328125,34.67229655,34.50262826,33.54703259,32.59858498,31.61331015,30.19592727,28.95652201,27.17036193,26.27813364,25.83984375,25.35748759,24.58857881,23.6215294,23.40865937,26.83849957,27.3736857,27.63046485,28.02669681,28.09570312,27.96572021,28.26815433,29.87093849,31.52322078,32.67892735,33.72267412,34.32719614,34.90382161,35.08020592
55,36.50390625,38.34348089,39.71814183,40.56850452,41.2166017,41.20386491,40.81427532,40.23432532,38.97163024,37.12690441,35.06835937,32.69781295,29.78513413,26.60619918,23.19429436,17.83516905,15.94666425,14.32221343,12.6787438,11.07421875,9.161184206,10.15457971,14.02105276,17.91846234,21.66754965,25.47935378,28.47596952,31.6942748,34.26438718
55,37.734375,42.01466523,45.73604211,48.76022178,51.70810032,53.63606554,55.41450389,56.08421105,56.53630865,56.17252421,55.37109375,53.71783556,51.71206265,48.9485844,45.74549368,38.11409923,36.4982476,34.47470843,32.03051064,29.32617187,26.27813364,23.05364042,19.20274617,15.5956987,11.72178916,17.61072982,23.01482468,28.08353463,33.04065906
55.5,46.7578125,46.50166831,46.13723546,44.85940404,43.46477998,41.91427638,39.81880519,37.79588136,35.12935683,33.26956369,31.58203125,29.86177815,27.7572101,25.58288383,24.05175441,27.48159461,29.33504013,30.92584139,32.53098737,33.83789062,34.71606646,36.22714923,38.71029784,41.1460987,42.97989357,44.58886911,46.02964936,46.53842882,46.90957768
55.5,53.73046875,53.43612762,52.55632909,51.10071243,48.71052928,46.17674516,44.46433246,46.02562972,46.93062515,47.49350759,47.37304687,46.87798693,45.75503583,44.25838903,42.18703447,38.54282926,38.37432575,37.77008498,37.20210351,36.09375,34.71606646,35.95270113,39.92951982,43.46886233,46.17674516,49.08522566,51.10071243,52.55632909,53.02821825
55.5,8.61328125,8.158187423,7.622673685,7.021471937,6.369838445,5.683291712,5.309174026,5.486498907,5.488962005,5.786011077,6.15234375,6.339371898,6.33726258,6.310444678,6.302331369,6.731061394,7.163207473,7.604715096,8.007627661,8.408203125,8.920100411,9.056787309,9.44897034,9.622877921,9.590554765,9.742105857,9.361962582,9.227447093,8.974006165
56,63.984375,65.26549938,65.79570971,65.92381985,65.19716997,63.93703176,61.71914805,58.8274605,55.43851625,52.55626729,51.47460937,50.21449845,48.41668611,46.39029601,43.94482757,38.67144827,35.90131364,32.70027491,29.36130142,26.66015625,26.03704985,31.01263533,36.88146487,42.4733922,47.24236236,51.70810032,55.78169372,58.97542272,61.59431504
56,13.125,12.23728113,11.23341385,10.14212613,8.992713099,8.524937569,9.291054545,9.753775834,10.42902781,10.60768697,11.07421875,11.17731361,11.15358214,11.08591633,10.93261564,11.57571068,12.36506052,13.05476091,13.84652283,14.56054688,14.94719528,15.36909361,15.54508024,15.5956987,15.62905221,15.36255154,15.2131892,14.84415402,13.86891862
67,13.125,13.86891862,14.84415402,15.2131892,15.73724792,15.98425794,15.92752208,15.84988573,15.36909361,15.18827908,14.56054688,14.01334841,13.43499667,12.96199447,12.69040874,12.64753574,13.55892843,14.32221343,14.84747629,15.38085938,15.42936287,15.64354172,15.54508024,15.26387532,14.91864074,14.23846241,13.6528621,12.83818726,12.64519051
56.5,15.17578125,14.68473736,14.44296067,13.6528621,12.73967689,13.85302355,14.93205195,16.15469123,17.01578222,17.59911703,18.25195313,18.68446454,19.13853299,19.35771543,19.33572413,19.33572413,19.35771543,19.13853299,18.68446454,18.25195313,17.59911703,17.01578222,16.15469123,15.5956987,15.27384648,14.98785516,15.2131892,15.64654072,15.5005561
56.5,0.8203125,0.815818742,1.203580056,1.170245323,1.124089137,1.065617196,0.99547013,1.219221979,1.097792401,0.96433518,1.025390625,1.000953458,0.887216761,0.852762794,0.771714045,0.643095038,0.596933956,0.506981006,0.500476729,0.41015625,0.241083795,0.2744481,0.304805495,0.331823377,0.355205732,0.374696379,0.780163549,0.802386704,0.815818742
67,0.8203125,0.815818742,0.802386704,0.780163549,0.749392758,0.710411464,0.663646753,0.60961099,0.548896201,0.723251385,0.615234375,0.667302305,0.76047151,0.682210235,0.68596804,0.085746005,0.170552559,0.253490503,0.333651153,0.41015625,0.48216759,0.548896201,0.60961099,0.663646753,0.710411464,0.749392758,0.780163549,0.802386704,0.815818742
66.5,13.9453125,14.68473736,15.24534737,15.60327097,16.1119443,15.98425794,15.92752208,15.84988573,15.91798982,15.91153046,15.99609375,15.84842974,15.58966595,15.09390146,14.49107485,13.11913877,13.81475727,14.32221343,14.68065071,14.765625,14.94719528,14.82019741,14.63066375,13.93658182,13.49781782,12.73967689,12.092535,12.83818726,13.46100925
66,9.0234375,9.381915536,9.227447093,8.971880808,8.992713099,8.524937569,8.295584415,7.620137371,7.684546807,7.714681436,7.998046875,8.007627661,8.111696102,7.930693988,7.802886457,7.631394447,7.674865149,7.604715096,7.673976508,7.79296875,7.714681436,8.233443008,8.534553855,8.959231168,9.235349033,9.367409478,9.361962582,9.628640445,9.381915536
65.5,8.61328125,8.566096794,8.425060389,8.581799034,8.24332034,7.814526104,7.631937662,7.315331876,7.135650607,7.232513847,7.3828125,7.507150932,7.351224593,7.333760032,7.116918417,6.945426407,6.992654914,6.970988838,6.839848627,6.97265625,7.232513847,7.684546807,8.22974836,8.295584415,8.524937569,8.61801672,8.971880808,8.826253741,8.566096794
56.5,63.1640625,64.44968064,65.39451635,65.1436563,64.44777721,63.2266203,61.05550129,58.21784951,54.88962005,51.8330159,50.859375,49.54719615,47.6562146,45.70808578,43.25885953,37.98548023,35.21910341,32.06654865,28.52717354,26.04492187,25.31379846,30.46373913,36.27185388,41.80974545,46.88715663,51.33340394,55.00153017,58.57422937,61.18640567
56.5,12.3046875,11.82937176,10.8322205,9.752044357,8.24332034,7.814526104,8.295584415,9.144164845,9.605683509,10.12551939,10.25390625,10.5100113,10.64660113,10.65953493,10.50388562,11.23272666,12.0239554,12.80127041,13.3460461,13.9453125,14.46502769,15.09464551,15.24027474,15.26387532,15.27384648,14.98785516,14.82310742,14.04176732,13.46100925
57,15.99609375,15.5005561,14.84415402,14.43302565,13.48906965,14.56343501,15.5956987,16.76430222,17.56467842,18.32236841,18.8671875,19.35176685,19.77225925,20.03992567,20.02169217,20.02169217,20.03992567,19.77225925,19.51859242,19.07226563,18.32236841,17.56467842,16.76430222,15.92752208,15.62905221,15.73724792,15.99335274,16.04773407,16.31637485
57,1.640625,1.631637485,1.604773407,1.560327097,1.873481896,1.77602866,1.659116883,1.524027474,1.646688602,1.687586564,1.640625,1.668255763,1.520943019,1.53497303,1.457682085,1.329063078,1.279144192,1.140707264,1.33460461,1.435546875,1.446502769,1.646688602,1.524027474,1.659116883,1.77602866,1.873481896,1.560327097,1.604773407,1.631637485
57,27.48046875,27.73783724,27.68234128,27.3057242,27.72753205,27.7060471,27.20951688,26.82288354,25.79812142,25.07271467,23.7890625,22.68827837,21.54669277,20.29575451,19.03561312,19.59296215,20.55158334,21.16645702,21.85415049,22.35351563,22.42079292,23.87698472,24.99405058,25.88222337,26.6404299,27.35283568,27.3057242,27.68234128,27.73783724
65.5,13.9453125,14.27682799,14.84415402,15.2131892,15.36255154,14.91864074,14.93205195,14.32585826,13.72240501,13.01852492,12.3046875,11.51096476,11.02683689,10.40370609,9.73217157,8.145870477,7.333760032,7.09773409,7.840802084,8.408203125,8.920100411,9.056787309,9.44897034,9.954701298,11.01137769,11.99028413,12.48261678,13.23938061,13.46100925
65,14.35546875,15.09264673,15.64654072,15.60327097,15.73724792,15.62905221,15.26387532,14.93546925,14.27130121,13.74177631,12.91992188,12.17826707,11.66056315,11.08591633,10.41813961,8.831838517,8.015970267,7.858205599,8.341278813,9.0234375,9.402268001,9.605683509,10.05858133,10.61834805,11.72178916,12.36498051,13.26278032,13.64057396,14.27682799
64.5,13.9453125,14.27682799,14.84415402,15.2131892,15.36255154,14.91864074,14.93205195,14.32585826,13.72240501,13.01852492,12.3046875,11.51096476,11.02683689,10.40370609,9.73217157,8.145870477,7.333760032,7.09773409,7.840802084,8.408203125,8.920100411,9.056787309,9.44897034,9.954701298,11.01137769,11.99028413,12.48261678,13.23938061,13.46100925
64.5,17.2265625,17.54010296,17.65250748,17.16359807,16.86133706,16.33946367,15.92752208,15.84988573,16.46688602,17.11694944,17.43164063,17.51668551,17.61758997,17.73746612,18.56401009,17.96378805,19.35771543,20.53273076,21.52049934,22.1484375,22.66187672,22.77919232,22.86041211,22.89581299,22.37796112,21.73238999,21.06441581,20.05966759,18.76383107
64,18.046875,18.3559217,18.05370083,17.94376162,17.61072982,17.04987514,16.25934545,16.45949672,17.01578222,17.59911703,18.046875,18.18398781,18.25131623,18.41967636,19.24997813,18.90699411,20.03992567,21.16645702,22.02097607,22.76367188,23.14404431,23.32808852,23.4700231,23.22763636,23.08837258,22.48178275,21.84457936,20.8620543,19.57964982
63.5,1.640625,1.631637485,1.604773407,1.560327097,1.873481896,1.77602866,1.659116883,1.524027474,1.646688602,1.446502769,1.435546875,0,0,0,0,0,0,0,0,0.205078125,0.48216759,0.548896201,0.60961099,0.99547013,1.065617196,1.124089137,1.170245323,1.203580056,1.631637485
63.5,34.86328125,33.44856843,32.09546815,30.81646017,29.22631757,26.99563563,24.88675324,22.25080112,19.48581512,16.87586564,14.35546875,16.51573205,18.63155199,20.7221359,23.49440538,27.65308662,28.99393501,30.03862463,30.86273161,32.40234375,33.99281508,35.67825303,37.18627037,38.15968831,38.71742479,38.59372705,38.22801388,37.71217508,36.7118434
63,15.99609375,15.90846547,16.04773407,16.38343452,16.48664068,16.6946694,16.59116883,16.45949672,15.91798982,15.67044667,15.17578125,14.51382513,13.56174192,13.47365215,14.01947182,14.01947182,13.47365215,12.92801566,12.34509264,12.3046875,12.77744113,13.72240501,14.63066375,15.26387532,15.98425794,16.1119443,16.38343452,16.44892743,16.31637485
62.5,17.2265625,17.13219359,17.25131413,17.55367984,17.61072982,17.40508087,17.25481558,16.76430222,16.46688602,15.67044667,14.97070313,14.01334841,12.92801566,13.04727075,13.80510681,14.23383683,13.90003355,13.56174192,13.01239495,13.33007813,13.9828601,15.09464551,16.15469123,16.92299221,17.40508087,17.61072982,17.94376162,18.05370083,17.54010296
62,13.9453125,13.86891862,13.64057396,13.26278032,12.73967689,12.07699489,11.2819948,10.36338682,9.605683509,10.12551939,11.07421875,11.67779034,12.16754415,12.62088936,12.86190075,12.99051976,12.87671819,12.92801566,13.67969725,14.15039063,14.46502769,14.54574931,14.93546925,15.26387532,15.27384648,15.36255154,15.2131892,14.84415402,14.68473736
61.5,3.69140625,3.67118434,4.011933519,3.900817743,4.12166017,4.262468784,3.981880519,3.962471433,3.842273404,3.857340718,3.486328125,3.336511525,3.041886038,3.240498619,3.344094196,2.400888141,2.728840942,3.041886038,3.336511525,3.486328125,3.857340718,3.842273404,3.962471433,3.981880519,4.262468784,4.12166017,3.900817743,4.011933519,3.67118434
61.5,15.17578125,15.09264673,14.84415402,14.43302565,13.86376603,13.14261208,12.27746493,11.27780331,10.70347591,10.84877077,11.484375,11.84461591,12.16754415,12.36506052,12.39029773,12.56178974,12.62088936,12.92801566,13.84652283,14.56054688,15.18827908,15.36909361,15.84988573,16.25934545,16.6946694,16.86133706,16.77351629,16.44892743,15.90846547
61,4.51171875,4.487003083,4.814320222,4.680981291,4.871052928,4.617674516,4.645527272,4.572082422,4.391169604,4.339508308,4.1015625,4.00381383,3.802357548,3.922708854,4.030062236,3.687078216,3.922708854,4.182593303,4.337464983,4.51171875,4.580592103,4.391169604,4.572082422,4.645527272,4.617674516,4.871052928,4.680981291,4.814320222,4.487003083
61,13.9453125,13.86891862,14.04176732,13.6528621,13.11437327,12.78740635,11.94564156,11.27780331,10.97792401,10.84877077,11.07421875,11.67779034,12.16754415,12.62088936,12.86190075,12.13305971,12.10923168,12.16754415,12.51191822,12.91992188,13.25960872,13.72240501,14.02105276,14.26840519,14.20822928,14.23846241,14.43302565,14.44296067,14.27682799
60.5,3.69140625,3.67118434,4.011933519,3.900817743,4.12166017,4.262468784,3.981880519,3.962471433,3.842273404,3.857340718,3.486328125,3.336511525,3.041886038,3.240498619,3.344094196,2.400888141,2.728840942,3.041886038,3.336511525,3.486328125,3.857340718,3.842273404,3.962471433,3.981880519,4.262468784,4.12166017,3.900817743,4.011933519,3.67118434
60.5,13.9453125,13.86891862,14.04176732,13.6528621,13.11437327,12.78740635,11.94564156,11.27780331,10.70347591,10.84877077,10.6640625,11.34413919,11.7873084,12.10923168,12.26167872,11.31847266,11.597574,11.7873084,12.17826707,12.71484375,13.25960872,13.44795691,14.02105276,14.26840519,14.20822928,14.23846241,14.43302565,14.44296067,14.27682799
60,12.3046875,12.23728113,12.03580056,11.31237145,11.24089137,11.36658342,11.2819948,10.97299781,10.70347591,10.36660318,9.84375,9.342232271,9.632639122,10.14787725,10.93261564,11.79007569,11.85340284,11.7873084,11.67779034,11.68945313,11.33093836,10.97792401,11.27780331,11.61381818,12.07699489,12.36498051,12.87269855,12.83818726,12.64519051
59.5,11.89453125,11.42146239,11.23341385,10.92228968,10.49149862,10.65617196,10.61834805,10.36338682,10.15457971,9.88443559,9.228515625,8.674929966,8.998912864,9.465667018,10.2466476,11.10410765,11.17119261,11.15358214,10.84366246,10.86914063,10.60768697,10.42902781,10.66819232,11.2819948,11.72178916,11.99028413,12.092535,12.03580056,12.23728113
58.5,0.8203125,0.815818742,1.203580056,1.170245323,1.124089137,1.065617196,0.99547013,1.219221979,1.097792401,0.96433518,1.025390625,1.000953458,0.887216761,0.852762794,0.771714045,0.643095038,0.596933956,0.506981006,0.500476729,0.41015625,0.241083795,0.2744481,0.304805495,0.331823377,0.355205732,0.374696379,0.780163549,0.802386704,0.815818742
58,1.640625,1.631637485,1.604773407,1.560327097,1.873481896,1.77602866,1.659116883,1.524027474,1.646688602,1.687586564,1.640625,1.668255763,1.520943019,1.53497303,1.457682085,1.329063078,1.279144192,1.140707264,1.33460461,1.435546875,1.446502769,1.646688602,1.524027474,1.659116883,1.77602866,1.873481896,1.560327097,1.604773407,1.631637485
57.5,26.66015625,27.32992787,27.28114793,26.91564242,26.9781393,26.99563563,26.8776935,26.21327255,25.52367332,24.34946328,23.17382813,22.02097607,20.91296651,19.61354427,18.34964508,18.90699411,19.86937311,20.53273076,21.02002261,21.53320313,21.93862533,23.32808852,24.38443959,25.5504,26.28522417,26.60344292,26.91564242,27.28114793,27.32992787
57.5,0.8203125,0.815818742,1.203580056,1.170245323,1.124089137,1.065617196,0.99547013,1.219221979,1.097792401,0.96433518,1.025390625,1.000953458,0.887216761,0.852762794,0.771714045,0.643095038,0.596933956,0.506981006,0.500476729,0.41015625,0.241083795,0.2744481,0.304805495,0.331823377,0.355205732,0.374696379,0.780163549,0.802386704,0.815818742
57.5,15.17578125,14.68473736,14.44296067,13.6528621,12.73967689,13.85302355,14.93205195,16.15469123,17.01578222,17.59911703,18.25195313,18.68446454,19.13853299,19.35771543,19.33572413,19.33572413,19.35771543,19.13853299,18.68446454,18.25195313,17.59911703,17.01578222,16.15469123,15.5956987,15.27384648,14.98785516,15.2131892,15.64654072,15.5005561
57.5,0.8203125,0.815818742,1.203580056,1.170245323,1.124089137,1.065617196,0.99547013,1.219221979,1.097792401,0.96433518,1.025390625,1.000953458,0.887216761,0.852762794,0.771714045,0.643095038,0.596933956,0.506981006,0.500476729,0.41015625,0.241083795,0.2744481,0.304805495,0.331823377,0.355205732,0.374696379,0.780163549,0.802386704,0.815818742
